model,pooling,topk_K,zscore,folds,epochs,layers,hidden,params,f1_mean,f1_std
ZAYA-1 8B,topk,1,on,5,40,1,128,489474,0.906,0.006
ZAYA-1 8B,topk,1,on,5,40,1,512,1401090,0.906,0.013
ZAYA-1 8B,topk,1,on,5,40,1,2048,13894914,0.913,0.013
ZAYA-1 8B,topk,1,on,5,40,2,128,588546,0.908,0.008
ZAYA-1 8B,topk,1,on,5,40,2,512,2977026,0.910,0.005
ZAYA-1 8B,topk,1,on,5,40,2,2048,39073026,0.905,0.004
ZAYA-1 8B,topk,1,on,5,40,3,128,687618,0.911,0.005
ZAYA-1 8B,topk,1,on,5,40,3,512,4552962,0.912,0.007
ZAYA-1 8B,topk,1,on,5,40,3,2048,64251138,0.909,0.005
LFM2.5,topk,5,on,5,40,1,128,501762,0.947,0.012
LFM2.5,topk,5,on,5,40,1,512,1413378,0.950,0.009
LFM2.5,topk,5,on,5,40,1,2048,13907202,0.944,0.010
LFM2.5,topk,5,on,5,40,2,128,600834,0.944,0.011
LFM2.5,topk,5,on,5,40,2,512,2989314,0.946,0.010
LFM2.5,topk,5,on,5,40,2,2048,39085314,0.948,0.011
LFM2.5,topk,5,on,5,40,3,128,699906,0.945,0.013
LFM2.5,topk,5,on,5,40,3,512,4565250,0.946,0.011
LFM2.5,topk,5,on,5,40,3,2048,64263426,0.944,0.009
Phi-mini-MoE,topk,4,on,5,40,1,128,403458,0.929,0.007
Phi-mini-MoE,topk,4,on,5,40,1,512,1315074,0.923,0.006
Phi-mini-MoE,topk,4,on,5,40,1,2048,13808898,0.926,0.007
Phi-mini-MoE,topk,4,on,5,40,2,128,502530,0.925,0.006
Phi-mini-MoE,topk,4,on,5,40,2,512,2891010,0.933,0.006
Phi-mini-MoE,topk,4,on,5,40,2,2048,38987010,0.928,0.009
Phi-mini-MoE,topk,4,on,5,40,3,128,601602,0.928,0.009
Phi-mini-MoE,topk,4,on,5,40,3,512,4466946,0.931,0.008
Phi-mini-MoE,topk,4,on,5,40,3,2048,64165122,0.928,0.006
