rank,dim,feature,layer,expert,class0_mean,class1_mean,diff,pb_r,auc,auc_abs
0,956,hist,16,4,0.0175413,0.148258,0.130717,0.62428,0.87561,0.37561
1,276,probs,16,4,0.305353,0.727156,0.421803,0.62533,0.86472,0.36472
2,1254,hist,33,13,0.0447009,0.117806,0.0731046,0.55294,0.81556,0.31556
3,997,hist,18,11,0.0370549,0.106075,0.0690203,0.49669,0.79108,0.29108
4,317,probs,18,11,0.426865,0.598216,0.171352,0.43560,0.77435,0.27435
5,1207,hist,31,0,0.0621201,0.123852,0.0617318,0.43622,0.76299,0.26299
6,1255,hist,33,14,0.177767,0.0676651,-0.110102,-0.43250,0.23935,0.26065
7,328,probs,19,5,0.241965,0.471331,0.229366,0.44389,0.75333,0.25333
8,1015,hist,19,12,0.0616863,0.114077,0.0523907,0.42860,0.75287,0.25287
9,1260,hist,34,2,0.0290018,0.0820108,0.053009,0.44677,0.75115,0.25115
10,580,probs,34,2,0.379924,0.621439,0.241515,0.40263,0.73745,0.23745
11,166,probs,9,13,0.270238,0.523551,0.253312,0.41058,0.73446,0.23446
12,806,hist,7,7,0.0633105,0.109914,0.0466039,0.37328,0.73204,0.23204
13,1273,hist,34,15,0.0287888,0.0651221,0.0363333,0.37197,0.72906,0.22906
14,948,hist,15,13,0.0866874,0.163609,0.0769217,0.36228,0.72826,0.22826
15,899,hist,12,15,0.0800696,0.119358,0.0392882,0.36845,0.72393,0.22393
16,335,probs,19,12,0.650933,0.786679,0.135746,0.32959,0.71958,0.21958
17,574,probs,33,13,0.487369,0.629914,0.142545,0.35194,0.71798,0.21798
18,846,hist,9,13,0.0160155,0.0613069,0.0452914,0.36569,0.71775,0.21775
19,1327,hist,38,1,0.160725,0.231184,0.0704584,0.37398,0.71709,0.21709
20,994,hist,18,8,0.0601507,0.091772,0.0316213,0.35226,0.71227,0.21227
21,1008,hist,19,5,0.00994786,0.0258889,0.015941,0.32306,0.71131,0.21131
22,866,hist,10,16,0.311565,0.372063,0.0604976,0.35638,0.71068,0.21068
23,593,probs,34,15,0.387649,0.572143,0.184494,0.35195,0.70970,0.20970
24,268,probs,15,13,0.699463,0.834713,0.13525,0.29402,0.70774,0.20774
25,796,hist,6,14,0.0988201,0.0493936,-0.0494265,-0.34274,0.29458,0.20542
26,987,hist,18,1,0.0286069,0.0484949,0.0198881,0.30523,0.70416,0.20416
27,804,hist,7,5,0.101767,0.0455471,-0.0562197,-0.35035,0.29615,0.20385
28,1042,hist,21,5,0.0528604,0.074677,0.0218166,0.32586,0.70326,0.20326
29,575,probs,33,14,0.809379,0.663731,-0.145648,-0.25716,0.29820,0.20180
30,1025,hist,20,5,0.0274663,0.0137111,-0.0137552,-0.32338,0.29843,0.20157
31,910,hist,13,9,0.0838278,0.0406333,-0.0431945,-0.34699,0.29869,0.20131
32,837,hist,9,4,0.0916428,0.0419711,-0.0496718,-0.29136,0.30147,0.19853
33,1261,hist,34,3,0.0672916,0.107936,0.0406449,0.28680,0.69610,0.19610
34,298,probs,17,9,0.447826,0.654163,0.206337,0.34051,0.69212,0.19212
35,1130,hist,26,8,0.114823,0.150748,0.0359252,0.31003,0.68957,0.18957
36,442,probs,26,0,0.643167,0.733712,0.0905449,0.24703,0.68870,0.18870
37,1102,hist,24,14,0.0885742,0.111706,0.0231314,0.30433,0.68566,0.18566
38,926,hist,14,8,0.0887536,0.108116,0.0193626,0.29666,0.68319,0.18319
39,874,hist,11,7,0.066754,0.115538,0.0487845,0.29342,0.68218,0.18218
40,930,hist,14,12,0.0317156,0.0529908,0.0212753,0.23527,0.68207,0.18207
41,1021,hist,20,1,0.11299,0.143479,0.0304894,0.29278,0.68105,0.18105
42,1034,hist,20,14,0.0715687,0.0422735,-0.0292952,-0.24220,0.31896,0.18104
43,1231,hist,32,7,0.0884383,0.126137,0.0376984,0.27747,0.68099,0.18099
44,1138,hist,26,16,0.168646,0.137428,-0.0312176,-0.27268,0.31965,0.18035
45,1067,hist,22,13,0.0837368,0.107538,0.0238016,0.30299,0.67906,0.17906
46,894,hist,12,10,0.0596352,0.115554,0.0559186,0.30222,0.67842,0.17842
47,250,probs,14,12,0.460221,0.674759,0.214538,0.33904,0.67783,0.17783
48,978,hist,17,9,0.0258832,0.0419631,0.0160799,0.22338,0.67760,0.17760
49,1086,hist,23,15,0.100728,0.122973,0.0222451,0.28435,0.67728,0.17728
50,966,hist,16,14,0.150093,0.0681056,-0.081987,-0.27955,0.32393,0.17607
51,1036,hist,20,16,0.172855,0.130284,-0.0425706,-0.28586,0.32511,0.17489
52,1153,hist,27,14,0.127145,0.0725474,-0.0545971,-0.31370,0.32558,0.17442
53,1122,hist,26,0,0.0517937,0.0720357,0.0202419,0.25068,0.67401,0.17401
54,251,probs,14,13,0.272028,0.463297,0.191268,0.29042,0.67370,0.17370
55,1076,hist,23,5,0.129625,0.0963625,-0.0332622,-0.27470,0.32734,0.17266
56,318,probs,18,12,0.291001,0.420512,0.129511,0.28759,0.67131,0.17131
57,839,hist,9,6,0.0755329,0.108012,0.0324788,0.24533,0.67036,0.17036
58,1041,hist,21,4,0.150203,0.122046,-0.0281564,-0.24934,0.33003,0.16997
59,998,hist,18,12,0.0116499,0.0209123,0.00926237,0.26151,0.66864,0.16864
60,975,hist,17,6,0.0758426,0.101033,0.0251901,0.27905,0.66819,0.16819
61,126,probs,7,7,0.596677,0.736933,0.140256,0.28684,0.66793,0.16793
62,902,hist,13,1,0.0598338,0.0894395,0.0296057,0.29884,0.66781,0.16781
63,286,probs,16,14,0.651908,0.420725,-0.231183,-0.27849,0.33227,0.16773
64,662,probs,38,16,0.266653,0.330407,0.0637544,0.28265,0.66747,0.16747
65,943,hist,15,8,0.082934,0.108246,0.0253121,0.28008,0.66698,0.16698
66,1293,hist,36,1,0.0880725,0.152502,0.0644294,0.26616,0.66545,0.16545
67,1340,hist,38,14,0.580237,0.475784,-0.104454,-0.28535,0.33456,0.16544
68,562,probs,33,1,0.107795,0.131723,0.0239281,0.17706,0.66471,0.16471
69,733,hist,3,2,0.0290409,0.0398593,0.0108184,0.26026,0.66446,0.16446
70,361,probs,21,4,0.856068,0.840563,-0.0155054,-0.04198,0.33597,0.16403
71,679,probs,39,16,0.995084,0.995641,0.000556788,0.06586,0.66385,0.16385
72,157,probs,9,4,0.629498,0.457149,-0.172349,-0.27644,0.33628,0.16372
73,1318,hist,37,9,0.167878,0.197094,0.0292166,0.27231,0.66368,0.16368
74,931,hist,14,13,0.00794252,0.013535,0.00559247,0.16690,0.66217,0.16217
75,809,hist,7,10,0.097595,0.118869,0.0212738,0.27085,0.66211,0.16211
76,734,hist,3,3,0.0253312,0.035562,0.0102308,0.21631,0.66155,0.16155
77,1084,hist,23,13,0.0945276,0.119277,0.0247496,0.25840,0.66148,0.16148
78,604,probs,35,9,0.612647,0.72322,0.110573,0.25645,0.66076,0.16076
79,613,probs,36,1,0.600562,0.76915,0.168589,0.27247,0.66021,0.16021
80,307,probs,18,1,0.45496,0.571127,0.116167,0.28045,0.66012,0.16012
81,396,probs,23,5,0.810755,0.758205,-0.0525504,-0.12077,0.34036,0.15964
82,1338,hist,38,12,0.0269326,0.0406201,0.0136875,0.24691,0.65865,0.15865
83,1046,hist,21,9,0.0936071,0.11908,0.0254733,0.25642,0.65843,0.15843
84,230,probs,13,9,0.682525,0.551406,-0.131119,-0.21816,0.34228,0.15772
85,527,probs,31,0,0.752951,0.853406,0.100455,0.26245,0.65637,0.15637
86,1161,hist,28,5,0.0930351,0.120397,0.027362,0.25329,0.65577,0.15577
87,622,probs,36,10,0.685,0.799572,0.114572,0.26202,0.65539,0.15539
88,789,hist,6,7,0.0839385,0.104565,0.0206263,0.25833,0.65518,0.15518
89,719,hist,2,5,0.0500469,0.0289242,-0.0211227,-0.27133,0.34503,0.15497
90,159,probs,9,6,0.666617,0.731204,0.0645875,0.23150,0.65492,0.15492
91,116,probs,6,14,0.642451,0.519552,-0.122899,-0.24088,0.34578,0.15422
92,947,hist,15,12,0.0801532,0.0965345,0.0163813,0.24058,0.65354,0.15354
93,825,hist,8,9,0.111002,0.127917,0.0169154,0.23988,0.65329,0.15329
94,124,probs,7,5,0.586101,0.457195,-0.128906,-0.24082,0.34853,0.15147
95,1085,hist,23,14,0.040613,0.0551089,0.0144959,0.24444,0.65117,0.15117
96,35,probs,2,1,0.510474,0.588643,0.0781687,0.24729,0.65031,0.15031
97,345,probs,20,5,0.514592,0.388179,-0.126412,-0.24432,0.35043,0.14957
98,214,probs,12,10,0.533282,0.694114,0.160832,0.25501,0.64947,0.14947
99,1144,hist,27,5,0.0792058,0.0990208,0.019815,0.25417,0.64835,0.14835
100,914,hist,13,13,0.0956876,0.111861,0.0161731,0.23131,0.64770,0.14770
101,512,probs,30,2,0.758191,0.713837,-0.0443541,-0.11451,0.35248,0.14752
102,473,probs,27,14,0.757456,0.683831,-0.0736249,-0.14977,0.35256,0.14744
103,292,probs,17,3,0.851628,0.854322,0.00269458,0.00697,0.35287,0.14713
104,1183,hist,29,10,0.0684506,0.0559636,-0.0124869,-0.22403,0.35375,0.14625
105,1302,hist,36,10,0.131796,0.198054,0.0662579,0.20139,0.64435,0.14435
106,982,hist,17,13,0.0611255,0.0299363,-0.0311892,-0.23779,0.35678,0.14322
107,647,probs,38,1,0.702875,0.782234,0.0793589,0.24435,0.64304,0.14304
108,555,probs,32,11,0.0334477,0.0448845,0.0114368,0.10934,0.64295,0.14295
109,349,probs,20,9,0.411088,0.546039,0.13495,0.24195,0.64264,0.14264
110,186,probs,10,16,0.698355,0.72266,0.0243051,0.21717,0.64216,0.14216
111,19,probs,1,2,0.447491,0.52583,0.0783383,0.23178,0.64203,0.14203
112,323,probs,19,0,0.785043,0.736458,-0.0485851,-0.11503,0.35838,0.14162
113,1121,hist,25,16,0.142742,0.114956,-0.0277866,-0.22852,0.35872,0.14128
114,612,probs,36,0,0.0851528,0.030036,-0.0551167,-0.17381,0.35929,0.14071
115,872,hist,11,5,0.0268025,0.0100301,-0.0167724,-0.20336,0.35986,0.14014
116,104,probs,6,2,0.793989,0.860499,0.0665098,0.18986,0.63902,0.13902
117,960,hist,16,8,0.059893,0.0456248,-0.0142682,-0.17803,0.36129,0.13871
118,472,probs,27,13,0.627544,0.745453,0.11791,0.22280,0.63869,0.13869
119,1105,hist,25,0,0.0774334,0.0948459,0.0174126,0.22444,0.63830,0.13830
120,980,hist,17,11,0.06862,0.0917844,0.0231645,0.19052,0.63810,0.13810
121,1119,hist,25,14,0.115406,0.138317,0.0229101,0.23053,0.63787,0.13787
122,342,probs,20,2,0.183747,0.0949544,-0.0887922,-0.23997,0.36294,0.13706
123,26,probs,1,9,0.418164,0.478301,0.0601374,0.23900,0.63673,0.13673
124,658,probs,38,12,0.389102,0.513034,0.123933,0.23195,0.63666,0.13666
125,354,probs,20,14,0.63778,0.550464,-0.0873154,-0.21624,0.36351,0.13649
126,767,hist,5,2,0.0269069,0.0175531,-0.00935372,-0.22926,0.36408,0.13592
127,833,hist,9,0,0.0782896,0.0944551,0.0161656,0.21795,0.63532,0.13532
128,867,hist,11,0,0.0973654,0.124764,0.0273985,0.20289,0.63474,0.13474
129,1045,hist,21,8,0.0388701,0.0495052,0.0106351,0.21060,0.63414,0.13414
130,315,probs,18,9,0.477051,0.59103,0.113979,0.22416,0.63401,0.13401
131,955,hist,16,3,0.0933287,0.106474,0.0131453,0.04474,0.63308,0.13308
132,302,probs,17,13,0.553119,0.394623,-0.158496,-0.22745,0.36727,0.13273
133,1118,hist,25,13,0.0615589,0.0747281,0.0131692,0.20775,0.63269,0.13269
134,1222,hist,31,15,0.0765145,0.0648369,-0.0116776,-0.18888,0.36735,0.13265
135,790,hist,6,8,0.0901946,0.108533,0.018338,0.14185,0.63207,0.13207
136,855,hist,10,5,0.0270535,0.0381383,0.0110847,0.18090,0.63188,0.13188
137,1156,hist,28,0,0.0701833,0.089419,0.0192358,0.19031,0.63181,0.13181
138,239,probs,14,1,0.130924,0.200035,0.0691104,0.17099,0.63178,0.13178
139,706,hist,1,9,0.0405872,0.0517442,0.011157,0.21220,0.63176,0.13176
140,1033,hist,20,13,0.130687,0.163188,0.0325006,0.21956,0.63002,0.13002
141,1308,hist,36,16,0.256994,0.210756,-0.0462379,-0.21424,0.37011,0.12989
142,1322,hist,37,13,0.0935444,0.0711705,-0.0223739,-0.21691,0.37044,0.12956
143,54,probs,3,3,0.40077,0.450429,0.0496595,0.20605,0.62918,0.12918
144,937,hist,15,2,0.0832125,0.0452944,-0.0379181,-0.19580,0.37140,0.12860
145,942,hist,15,7,0.0754329,0.056499,-0.0189339,-0.19286,0.37154,0.12846
146,1316,hist,37,7,0.119633,0.0957359,-0.0238975,-0.21540,0.37219,0.12781
147,1230,hist,32,6,0.0990965,0.0841224,-0.014974,-0.18922,0.37224,0.12776
148,1328,hist,38,2,0.052696,0.0628049,0.0101088,0.20242,0.62721,0.12721
149,995,hist,18,9,0.0262015,0.0363212,0.0101197,0.16627,0.62684,0.12684
150,911,hist,13,10,0.0895397,0.114185,0.0246454,0.13183,0.62627,0.12627
151,1295,hist,36,3,0.0583662,0.0710439,0.0126778,0.19021,0.62626,0.12626
152,1127,hist,26,5,0.0608944,0.0745662,0.0136717,0.20103,0.62570,0.12570
153,850,hist,10,0,0.0270775,0.0146859,-0.0123916,-0.21895,0.37473,0.12527
154,192,probs,11,5,0.431659,0.281613,-0.150046,-0.22164,0.37484,0.12516
155,262,probs,15,7,0.755717,0.706508,-0.0492083,-0.11272,0.37511,0.12489
156,1162,hist,28,6,0.0711913,0.0581403,-0.013051,-0.20800,0.37513,0.12487
157,382,probs,22,8,0.726648,0.805798,0.0791498,0.19128,0.62459,0.12459
158,257,probs,15,2,0.602232,0.442121,-0.160111,-0.20888,0.37547,0.12453
159,760,hist,4,12,0.0209208,0.0118599,-0.0090609,-0.21452,0.37559,0.12441
160,1342,hist,38,16,0.0147653,0.0207691,0.0060038,0.15310,0.62389,0.12389
161,586,probs,34,8,0.0304595,0.0399557,0.00949621,0.17299,0.62326,0.12326
162,1115,hist,25,10,0.0213925,0.0283638,0.00697134,0.16851,0.62299,0.12299
163,1333,hist,38,7,0.0311362,0.0160056,-0.0151306,-0.21586,0.37705,0.12295
164,1096,hist,24,8,0.083246,0.102135,0.0188893,0.19627,0.62291,0.12291
165,1315,hist,37,6,0.0158488,0.0260117,0.0101629,0.21105,0.62291,0.12291
166,1284,hist,35,9,0.0825278,0.124941,0.0424131,0.19604,0.62284,0.12284
167,939,hist,15,4,0.0710032,0.057457,-0.0135462,-0.19898,0.37730,0.12270
168,422,probs,24,14,0.779409,0.833372,0.0539633,0.17163,0.62235,0.12235
169,818,hist,8,2,0.0905527,0.107757,0.0172041,0.18064,0.62200,0.12200
170,425,probs,25,0,0.814921,0.865137,0.0502156,0.16906,0.62156,0.12156
171,581,probs,34,3,0.674034,0.780318,0.106284,0.22198,0.62151,0.12151
172,969,hist,17,0,0.0623099,0.048925,-0.0133849,-0.16394,0.37875,0.12125
173,852,hist,10,2,0.014414,0.00506,-0.00935403,-0.19233,0.37880,0.12120
174,1152,hist,27,13,0.0354599,0.0476246,0.0121647,0.15079,0.62116,0.12116
175,871,hist,11,4,0.00811392,0.00264827,-0.00546565,-0.20945,0.37916,0.12084
176,1111,hist,25,6,0.0286009,0.0170223,-0.0115785,-0.16476,0.37917,0.12083
177,172,probs,10,2,0.301345,0.184777,-0.116569,-0.19180,0.37921,0.12079
178,697,hist,1,0,0.0178543,0.0125942,-0.00526013,-0.14256,0.38002,0.11998
179,769,hist,5,4,0.0537905,0.0652773,0.0114868,0.17995,0.61979,0.11979
180,1248,hist,33,7,0.0391163,0.04911,0.00999369,0.14636,0.61941,0.11941
181,1252,hist,33,11,0.0331304,0.0201324,-0.012998,-0.20858,0.38073,0.11927
182,466,probs,27,7,0.576638,0.631644,0.0550061,0.15395,0.61919,0.11919
183,618,probs,36,6,0.423262,0.302529,-0.120733,-0.14992,0.38115,0.11885
184,283,probs,16,11,0.26214,0.341559,0.0794195,0.18696,0.61859,0.11859
185,951,hist,15,16,0.13135,0.108649,-0.0227001,-0.17343,0.38145,0.11855
186,638,probs,37,9,0.867806,0.908622,0.0408161,0.14583,0.61848,0.11848
187,552,probs,32,8,0.776446,0.748138,-0.0283073,-0.06981,0.38161,0.11839
188,347,probs,20,7,0.292002,0.185249,-0.106753,-0.19498,0.38163,0.11837
189,75,probs,4,7,0.570744,0.605258,0.0345136,0.16652,0.61830,0.11830
190,1035,hist,20,15,0.0862183,0.0741638,-0.0120545,-0.18541,0.38170,0.11830
191,398,probs,23,7,0.838273,0.869033,0.0307604,0.13212,0.61669,0.11669
192,435,probs,25,10,0.526807,0.643167,0.11636,0.19280,0.61664,0.11664
193,461,probs,27,2,0.224079,0.265727,0.041648,0.18366,0.61635,0.11635
194,194,probs,11,7,0.602867,0.682718,0.0798512,0.20583,0.61592,0.11592
195,448,probs,26,6,0.0358102,0.0390547,0.00324442,0.03873,0.61564,0.11564
196,670,probs,39,7,0.00326856,0.00465006,0.00138151,0.21105,0.61559,0.11559
197,635,probs,37,6,0.340273,0.467913,0.127639,0.19968,0.61551,0.11551
198,1237,hist,32,13,0.0605392,0.0723784,0.0118392,0.09109,0.61516,0.11516
199,870,hist,11,3,0.0405398,0.0262069,-0.014333,-0.14904,0.38499,0.11501
200,175,probs,10,5,0.433691,0.521325,0.0876342,0.20213,0.61500,0.11500
201,441,probs,25,16,0.588479,0.554909,-0.0335693,-0.16705,0.38542,0.11458
202,654,probs,38,8,0.221211,0.361969,0.140758,0.23748,0.61411,0.11411
203,321,probs,18,15,0.0992412,0.0683475,-0.0308937,-0.08041,0.38642,0.11358
204,602,probs,35,7,0.422456,0.538934,0.116477,0.19262,0.61355,0.11355
205,264,probs,15,9,0.82229,0.817658,-0.00463216,-0.00956,0.38675,0.11325
206,983,hist,17,14,0.11114,0.132544,0.0214043,0.13834,0.61310,0.11310
207,1023,hist,20,3,0.114428,0.140176,0.0257483,0.19276,0.61295,0.11295
208,331,probs,19,8,0.244694,0.150739,-0.0939548,-0.15173,0.38720,0.11280
209,922,hist,14,4,0.0255179,0.00978719,-0.0157307,-0.21261,0.38761,0.11239
210,1029,hist,20,9,0.0198346,0.0281747,0.00834004,0.15602,0.61239,0.11239
211,690,hist,0,10,0.0159957,0.0099164,-0.00607927,-0.20473,0.38825,0.11175
212,284,probs,16,12,0.82182,0.816121,-0.00569892,-0.01323,0.38830,0.11170
213,447,probs,26,5,0.681544,0.759475,0.077931,0.18890,0.61133,0.11133
214,23,probs,1,6,0.29358,0.325303,0.0317229,0.18579,0.61126,0.11126
215,646,probs,38,0,0.113078,0.125147,0.0120689,0.10280,0.61118,0.11118
216,197,probs,11,10,0.111457,0.165637,0.0541801,0.18466,0.61103,0.11103
217,522,probs,30,12,0.139509,0.181067,0.0415574,0.19100,0.61081,0.11081
218,938,hist,15,3,0.0725611,0.0982608,0.0256996,0.15789,0.61077,0.11077
219,560,probs,32,16,0.611019,0.587953,-0.0230652,-0.16115,0.38931,0.11069
220,1195,hist,30,5,0.068527,0.0830931,0.014566,0.18334,0.61064,0.11064
221,1251,hist,33,10,0.0988446,0.119329,0.0204843,0.17019,0.61039,0.11039
222,1059,hist,22,5,0.0806406,0.0919942,0.0113535,0.17313,0.60989,0.10989
223,673,probs,39,10,0.00868787,0.011009,0.00232109,0.20748,0.60960,0.10960
224,1221,hist,31,14,0.0190439,0.0103345,-0.00870934,-0.19118,0.39072,0.10928
225,672,probs,39,9,0.00298516,0.00368571,0.000700551,0.21606,0.60911,0.10911
226,674,probs,39,11,0.00256511,0.00350735,0.000942237,0.20872,0.60877,0.10877
227,666,probs,39,3,0.00141754,0.00198901,0.00057147,0.21204,0.60872,0.10872
228,792,hist,6,10,0.0769066,0.0655208,-0.0113857,-0.18215,0.39146,0.10854
229,684,hist,0,4,0.048271,0.058394,0.0101231,0.16863,0.60851,0.10851
230,1204,hist,30,14,0.0394731,0.048322,0.00884889,0.08782,0.60839,0.10839
231,900,hist,12,16,0.22861,0.199292,-0.0293172,-0.17300,0.39169,0.10831
232,1056,hist,22,2,0.0675607,0.0537864,-0.0137743,-0.15595,0.39173,0.10827
233,20,probs,1,3,0.470438,0.504357,0.0339183,0.17166,0.60825,0.10825
234,1296,hist,36,4,0.0570475,0.0429697,-0.0140778,-0.18636,0.39178,0.10822
235,1065,hist,22,11,0.122793,0.142566,0.0197736,0.12888,0.60807,0.10807
236,611,probs,35,16,0.761581,0.798112,0.0365306,0.17067,0.60791,0.10791
237,1107,hist,25,2,0.0942605,0.106243,0.011982,0.18309,0.60787,0.10787
238,109,probs,6,7,0.819505,0.862241,0.0427359,0.16425,0.60786,0.10786
239,89,probs,5,4,0.576604,0.636041,0.0594365,0.18030,0.60777,0.10777
240,1133,hist,26,11,0.100949,0.0838826,-0.0170663,-0.18260,0.39239,0.10761
241,642,probs,37,13,0.672539,0.634147,-0.0383922,-0.09469,0.39258,0.10742
242,992,hist,18,6,0.0488611,0.0415837,-0.00727737,-0.17314,0.39259,0.10741
243,7,probs,0,7,0.35311,0.395064,0.0419545,0.16600,0.60731,0.10731
244,677,probs,39,14,0.00632813,0.00872827,0.00240014,0.20559,0.60727,0.10727
245,741,hist,3,10,0.0215576,0.0123006,-0.00925702,-0.18512,0.39302,0.10698
246,651,probs,38,5,0.449309,0.57662,0.127312,0.17179,0.60685,0.10685
247,675,probs,39,12,0.00208671,0.00296526,0.000878552,0.21963,0.60639,0.10639
248,1155,hist,27,16,0.257737,0.285076,0.0273388,0.16896,0.60590,0.10590
249,524,probs,30,14,0.598485,0.688204,0.0897182,0.17162,0.60551,0.10551
250,667,probs,39,4,0.013558,0.0186538,0.00509582,0.19213,0.60516,0.10516
251,648,probs,38,2,0.644898,0.720778,0.0758802,0.17380,0.60498,0.10498
252,990,hist,18,4,0.0786744,0.0379927,-0.0406817,-0.21098,0.39533,0.10467
253,864,hist,10,14,0.0525765,0.0320658,-0.0205107,-0.19162,0.39558,0.10442
254,1233,hist,32,9,0.0565674,0.0674493,0.0108819,0.16505,0.60435,0.10435
255,582,probs,34,4,0.359308,0.23785,-0.121459,-0.19319,0.39565,0.10435
256,752,hist,4,4,0.079449,0.0708404,-0.00860859,-0.16070,0.39568,0.10432
257,1052,hist,21,15,0.111462,0.122608,0.0111459,0.15106,0.60403,0.10403
258,184,probs,10,14,0.620715,0.541821,-0.0788944,-0.15392,0.39599,0.10401
259,659,probs,38,13,0.0679579,0.0974217,0.0294638,0.20958,0.60400,0.10400
260,1091,hist,24,3,0.021213,0.0109922,-0.0102208,-0.14796,0.39606,0.10394
261,450,probs,26,8,0.841189,0.881861,0.0406718,0.15073,0.60383,0.10383
262,1262,hist,34,4,0.0745716,0.0318998,-0.0426718,-0.15890,0.39655,0.10345
263,1198,hist,30,8,0.0194187,0.00947772,-0.00994096,-0.15017,0.39671,0.10329
264,862,hist,10,12,0.0984223,0.0729572,-0.0254651,-0.19079,0.39674,0.10326
265,1134,hist,26,12,0.0622826,0.0700772,0.00779461,0.14972,0.60325,0.10325
266,1324,hist,37,15,0.155984,0.174649,0.0186658,0.15598,0.60295,0.10295
267,1257,hist,33,16,0.212432,0.248249,0.0358178,0.18291,0.60282,0.10282
268,649,probs,38,3,0.0746647,0.0854514,0.0107867,0.10188,0.60278,0.10278
269,779,hist,5,14,0.0970755,0.109924,0.0128481,0.13017,0.60268,0.10268
270,722,hist,2,8,0.0570025,0.0664916,0.00948912,0.15517,0.60212,0.10212
271,699,hist,1,2,0.0488652,0.0573107,0.0084455,0.14557,0.60198,0.10198
272,36,probs,2,2,0.154866,0.196676,0.0418095,0.15551,0.60170,0.10170
273,660,probs,38,14,0.82079,0.842622,0.0218319,0.14531,0.60167,0.10167
274,812,hist,7,13,0.0766303,0.0646574,-0.0119729,-0.17785,0.39849,0.10151
275,643,probs,37,14,0.840446,0.890717,0.0502709,0.12971,0.60115,0.10115
276,1062,hist,22,8,0.0524443,0.0614592,0.00901497,0.12195,0.60094,0.10094
277,663,probs,39,0,0.013306,0.0190775,0.00577146,0.18721,0.60060,0.10060
278,299,probs,17,10,0.877158,0.883443,0.00628486,0.01747,0.39957,0.10043
279,91,probs,5,6,0.381841,0.43519,0.0533488,0.17100,0.60041,0.10041
280,261,probs,15,6,0.0644113,0.0442403,-0.020171,-0.06549,0.39974,0.10026
281,1006,hist,19,3,0.0297971,0.0128529,-0.0169442,-0.16183,0.39995,0.10005
282,665,probs,39,2,0.0182695,0.0269904,0.00872095,0.15510,0.59983,0.09983
283,671,probs,39,8,0.0104796,0.0141933,0.0037137,0.19096,0.59982,0.09982
284,4,probs,0,4,0.315681,0.354748,0.0390677,0.18013,0.59959,0.09959
285,1027,hist,20,7,0.0094366,0.00434214,-0.00509446,-0.19042,0.40053,0.09947
286,266,probs,15,11,0.73564,0.715553,-0.0200865,-0.04342,0.40055,0.09945
287,1275,hist,35,0,0.0620669,0.0447622,-0.0173047,-0.18221,0.40087,0.09913
288,745,hist,3,14,0.0431636,0.0527493,0.0095857,0.14058,0.59902,0.09902
289,360,probs,21,3,0.818691,0.829088,0.0103973,0.02480,0.40104,0.09896
290,1146,hist,27,7,0.039961,0.0465243,0.00656333,0.11514,0.59859,0.09859
291,1051,hist,21,14,0.041932,0.0316501,-0.0102818,-0.16515,0.40143,0.09857
292,219,probs,12,15,0.75821,0.822836,0.0646267,0.18298,0.59847,0.09847
293,742,hist,3,11,0.0138784,0.00896536,-0.00491299,-0.18531,0.40169,0.09831
294,1334,hist,38,8,0.00361382,0.00836263,0.00474881,0.20056,0.59828,0.09828
295,827,hist,8,11,0.0304005,0.0159913,-0.0144093,-0.17645,0.40172,0.09828
296,1113,hist,25,8,0.0418141,0.0360142,-0.00579982,-0.09326,0.40180,0.09820
297,664,probs,39,1,0.0172099,0.0223072,0.00509731,0.18217,0.59817,0.09817
298,668,probs,39,5,0.045784,0.0702015,0.0244174,0.18080,0.59813,0.09813
299,304,probs,17,15,0.675,0.604858,-0.0701425,-0.10790,0.40199,0.09801
300,53,probs,3,2,0.459435,0.503843,0.044408,0.18073,0.59775,0.09775
301,678,probs,39,15,0.00469531,0.00554446,0.000849154,0.18047,0.59764,0.09764
302,212,probs,12,8,0.85291,0.842871,-0.0100385,-0.03498,0.40237,0.09763
303,1083,hist,23,12,0.0960012,0.0813707,-0.0146305,-0.15433,0.40282,0.09718
304,539,probs,31,12,0.0406989,0.0558215,0.0151226,0.11641,0.59702,0.09702
305,584,probs,34,6,0.0916248,0.144372,0.0527477,0.18188,0.59701,0.09701
306,963,hist,16,11,0.00996038,0.0123825,0.00242215,0.08418,0.59669,0.09669
307,824,hist,8,8,0.0367711,0.0299232,-0.00684792,-0.15350,0.40349,0.09651
308,78,probs,4,10,0.420716,0.475508,0.0547925,0.17652,0.59647,0.09647
309,170,probs,10,0,0.453845,0.386407,-0.0674381,-0.14653,0.40361,0.09639
310,287,probs,16,15,0.757012,0.75839,0.00137778,0.00325,0.40382,0.09618
311,1268,hist,34,10,0.191102,0.119999,-0.0711027,-0.17619,0.40384,0.09616
312,840,hist,9,7,0.0983694,0.0896681,-0.00870127,-0.16540,0.40395,0.09605
313,102,probs,6,0,0.30987,0.39405,0.0841799,0.14486,0.59547,0.09547
314,471,probs,27,12,0.398475,0.497037,0.0985626,0.15751,0.59542,0.09542
315,925,hist,14,7,0.0652914,0.0504244,-0.0148669,-0.15686,0.40471,0.09529
316,15,probs,0,15,0.246971,0.272084,0.0251139,0.15714,0.59500,0.09500
317,458,probs,26,16,0.647688,0.627602,-0.0200861,-0.16719,0.40507,0.09493
318,464,probs,27,5,0.65791,0.693017,0.0351075,0.15691,0.59489,0.09489
319,1303,hist,36,11,0.0413511,0.0327231,-0.00862805,-0.12701,0.40543,0.09457
320,988,hist,18,2,0.031711,0.0188217,-0.0128894,-0.15865,0.40549,0.09451
321,1131,hist,26,9,0.0191917,0.0103623,-0.00882939,-0.13415,0.40571,0.09429
322,384,probs,22,10,0.329656,0.412674,0.0830184,0.14864,0.59374,0.09374
323,834,hist,9,1,0.0294763,0.0151017,-0.0143746,-0.17841,0.40654,0.09346
324,927,hist,14,9,0.156337,0.18245,0.0261135,0.10825,0.59344,0.09344
325,1022,hist,20,2,0.00940898,0.00192857,-0.00748041,-0.18125,0.40657,0.09343
326,242,probs,14,4,0.370143,0.253319,-0.116823,-0.18377,0.40674,0.09326
327,255,probs,15,0,0.0892406,0.0360514,-0.0531892,-0.15269,0.40684,0.09316
328,984,hist,17,15,0.066053,0.045002,-0.021051,-0.18122,0.40688,0.09312
329,1197,hist,30,7,0.0574532,0.0674298,0.00997657,0.13447,0.59312,0.09312
330,310,probs,18,4,0.517186,0.427039,-0.0901472,-0.14383,0.40692,0.09308
331,127,probs,7,8,0.387851,0.43492,0.0470685,0.13938,0.59284,0.09284
332,389,probs,22,15,0.0426813,0.0468702,0.00418889,0.04239,0.59266,0.09266
333,713,hist,1,16,0.534095,0.509263,-0.0248315,-0.14668,0.40738,0.09262
334,993,hist,18,7,0.0806572,0.0670515,-0.0136057,-0.15283,0.40771,0.09229
335,754,hist,4,6,0.00661245,0.00880267,0.00219022,0.09496,0.59229,0.09229
336,1172,hist,28,16,0.285958,0.263756,-0.0222012,-0.13059,0.40795,0.09205
337,851,hist,10,1,0.0507519,0.0597173,0.0089654,0.14518,0.59172,0.09172
338,469,probs,27,10,0.748395,0.773831,0.0254362,0.13465,0.59167,0.09167
339,110,probs,6,8,0.821037,0.884377,0.0633408,0.16200,0.59142,0.09142
340,843,hist,9,10,0.010452,0.00504915,-0.00540287,-0.11423,0.40861,0.09139
341,784,hist,6,2,0.0730771,0.0833642,0.0102871,0.14971,0.59133,0.09133
342,481,probs,28,5,0.760052,0.803914,0.0438624,0.15818,0.59094,0.09094
343,708,hist,1,11,0.0146741,0.0101335,-0.00454055,-0.16335,0.40918,0.09082
344,725,hist,2,11,0.0688427,0.0776581,0.00881539,0.14304,0.59081,0.09081
345,1104,hist,24,16,0.121139,0.106302,-0.0148366,-0.14791,0.40926,0.09074
346,1110,hist,25,5,0.0794017,0.0630399,-0.0163619,-0.17577,0.40991,0.09009
347,656,probs,38,10,0.865522,0.916864,0.0513413,0.11444,0.59002,0.09002
348,953,hist,16,1,0.0808842,0.073638,-0.00724626,-0.15743,0.41026,0.08974
349,808,hist,7,9,0.0560265,0.0664629,0.0104364,0.14310,0.58964,0.08964
350,128,probs,7,9,0.559073,0.623137,0.0640643,0.15709,0.58959,0.08959
351,641,probs,37,12,0.30723,0.369368,0.0621379,0.17962,0.58958,0.08958
352,1014,hist,19,11,0.0718401,0.0629204,-0.00891965,-0.14471,0.41060,0.08940
353,45,probs,2,11,0.47085,0.518969,0.0481191,0.16400,0.58911,0.08911
354,536,probs,31,9,0.743982,0.73262,-0.0113622,-0.03255,0.41102,0.08898
355,193,probs,11,6,0.391289,0.488441,0.0971519,0.15826,0.58898,0.08898
356,848,hist,9,15,0.0654222,0.0550492,-0.0103729,-0.15326,0.41174,0.08826
357,637,probs,37,8,0.518946,0.604052,0.085106,0.14857,0.58821,0.08821
358,406,probs,23,15,0.855,0.88961,0.0346108,0.12243,0.58819,0.08819
359,463,probs,27,4,0.0299347,0.0325317,0.00259698,0.04028,0.58811,0.08811
360,314,probs,18,8,0.65329,0.719764,0.0664733,0.19760,0.58810,0.08810
361,1148,hist,27,9,0.0198503,0.0118635,-0.00798675,-0.12730,0.41195,0.08805
362,565,probs,33,4,0.755527,0.736059,-0.0194678,-0.05246,0.41199,0.08801
363,1246,hist,33,5,0.101337,0.112106,0.0107684,0.08435,0.58786,0.08786
364,415,probs,24,7,0.726993,0.71735,-0.00964251,-0.02066,0.41218,0.08782
365,610,probs,35,15,0.216495,0.12669,-0.0898047,-0.17054,0.41221,0.08779
366,39,probs,2,5,0.390054,0.351035,-0.0390188,-0.13350,0.41235,0.08765
367,369,probs,21,12,0.0183074,0.0147192,-0.00358828,-0.03197,0.58760,0.08760
368,1089,hist,24,1,0.0551351,0.0398627,-0.0152724,-0.15632,0.41259,0.08741
369,606,probs,35,11,0.14707,0.226287,0.0792175,0.15793,0.58739,0.08739
370,11,probs,0,11,0.211609,0.268072,0.056463,0.17588,0.58737,0.08737
371,856,hist,10,6,0.0538523,0.0623228,0.00847056,0.12594,0.58735,0.08735
372,411,probs,24,3,0.46394,0.352678,-0.111262,-0.14400,0.41268,0.08732
373,1150,hist,27,11,0.0548387,0.0625784,0.00773975,0.11863,0.58727,0.08727
374,259,probs,15,4,0.673098,0.640374,-0.0327238,-0.08593,0.41280,0.08720
375,1002,hist,18,16,0.366344,0.341553,-0.0247907,-0.13616,0.41287,0.08713
376,1312,hist,37,3,0.144858,0.15907,0.0142117,0.13816,0.58703,0.08703
377,961,hist,16,9,0.121676,0.136761,0.0150853,0.13905,0.58703,0.08703
378,74,probs,4,6,0.206342,0.268969,0.0626264,0.15462,0.58695,0.08695
379,1178,hist,29,5,0.0352187,0.0186972,-0.0165215,-0.16438,0.41332,0.08668
380,64,probs,3,13,0.276251,0.311934,0.0356833,0.15156,0.58635,0.08635
381,686,hist,0,6,0.025336,0.0297172,0.0043812,0.11624,0.58632,0.08632
382,0,probs,0,0,0.399057,0.439481,0.0404239,0.16684,0.58605,0.08605
383,810,hist,7,11,0.072884,0.0641008,-0.00878318,-0.14575,0.41406,0.08594
384,80,probs,4,12,0.38379,0.33328,-0.0505099,-0.13268,0.41415,0.08585
385,467,probs,27,8,0.0274941,0.0291085,0.00161442,0.01023,0.58553,0.08553
386,190,probs,11,3,0.518669,0.436599,-0.08207,-0.14197,0.41466,0.08534
387,1053,hist,21,16,0.014104,0.00889787,-0.00520617,-0.14959,0.41506,0.08494
388,1321,hist,37,12,0.0121739,0.0160921,0.00391827,0.11700,0.58472,0.08472
389,1298,hist,36,6,0.0938383,0.0456733,-0.048165,-0.15625,0.41542,0.08458
390,1137,hist,26,15,0.118737,0.131974,0.013237,0.14104,0.58455,0.08455
391,1136,hist,26,14,0.103201,0.0861045,-0.0170966,-0.15363,0.41546,0.08454
392,1305,hist,36,13,0.069171,0.0329155,-0.0362555,-0.17591,0.41548,0.08452
393,404,probs,23,13,0.742771,0.779009,0.0362373,0.14827,0.58452,0.08452
394,875,hist,11,8,0.020543,0.0181076,-0.00243537,-0.04511,0.41574,0.08426
395,888,hist,12,4,0.0618572,0.0348574,-0.0269998,-0.15829,0.41575,0.08425
396,568,probs,33,7,0.573823,0.651075,0.0772518,0.15766,0.58415,0.08415
397,238,probs,14,0,0.64072,0.661618,0.0208974,0.12372,0.58409,0.08409
398,1282,hist,35,7,0.0481068,0.0555036,0.00739684,0.04315,0.58392,0.08392
399,1320,hist,37,11,0.0112147,0.00568878,-0.00552594,-0.11705,0.41610,0.08390
400,1208,hist,31,1,0.0191216,0.011639,-0.00748258,-0.15070,0.41666,0.08334
401,77,probs,4,9,0.504806,0.535552,0.0307462,0.13886,0.58325,0.08325
402,557,probs,32,13,0.640105,0.708872,0.0687679,0.16131,0.58323,0.08323
403,258,probs,15,3,0.530886,0.625635,0.0947489,0.15863,0.58316,0.08316
404,308,probs,18,2,0.40599,0.331163,-0.0748264,-0.14356,0.41686,0.08314
405,755,hist,4,7,0.0839117,0.0913781,0.0074664,0.11919,0.58311,0.08311
406,880,hist,11,13,0.0588775,0.0706695,0.011792,0.13925,0.58301,0.08301
407,572,probs,33,11,0.576401,0.507409,-0.0689918,-0.11977,0.41711,0.08289
408,208,probs,12,4,0.484635,0.385594,-0.0990405,-0.14200,0.41720,0.08280
409,695,hist,0,15,0.0523652,0.0590168,0.00665162,0.11414,0.58278,0.08278
410,758,hist,4,10,0.0245967,0.0291807,0.00458392,0.09127,0.58274,0.08274
411,1070,hist,22,16,0.0679206,0.0595775,-0.00834313,-0.11737,0.41768,0.08232
412,653,probs,38,7,0.493315,0.403175,-0.0901403,-0.14265,0.41776,0.08224
413,326,probs,19,3,0.336252,0.226699,-0.109553,-0.18431,0.41806,0.08194
414,233,probs,13,12,0.813546,0.817411,0.00386461,0.00782,0.41827,0.08173
415,275,probs,16,3,0.796544,0.861237,0.0646928,0.12272,0.58164,0.08164
416,397,probs,23,6,0.038398,0.046563,0.00816504,0.08226,0.58096,0.08096
417,459,probs,27,0,0.653829,0.696814,0.0429846,0.13322,0.58087,0.08087
418,362,probs,21,5,0.799213,0.868981,0.0697683,0.16981,0.58069,0.08069
419,879,hist,11,12,0.0929978,0.0850802,-0.00791765,-0.15368,0.41936,0.08064
420,165,probs,9,12,0.615204,0.590267,-0.0249365,-0.05832,0.41938,0.08062
421,337,probs,19,14,0.0242548,0.0126524,-0.0116025,-0.07868,0.41969,0.08031
422,1196,hist,30,6,0.0174377,0.0128525,-0.0045852,-0.11043,0.42029,0.07971
423,797,hist,6,15,0.0352411,0.0447072,0.00946609,0.14828,0.57965,0.07965
424,1114,hist,25,9,0.0111877,0.00835193,-0.00283573,-0.10310,0.42053,0.07947
425,386,probs,22,12,0.862238,0.866498,0.0042602,0.01210,0.42069,0.07931
426,1191,hist,30,1,0.067764,0.056869,-0.010895,-0.14225,0.42074,0.07926
427,829,hist,8,13,0.0341651,0.0229859,-0.0111792,-0.16261,0.42085,0.07915
428,267,probs,15,12,0.78883,0.837943,0.0491127,0.13266,0.57901,0.07901
429,907,hist,13,6,0.059375,0.0522501,-0.00712492,-0.14157,0.42124,0.07876
430,625,probs,36,13,0.445054,0.335085,-0.109969,-0.13687,0.42180,0.07820
431,1211,hist,31,4,0.0952929,0.0766019,-0.018691,-0.12281,0.42186,0.07814
432,1331,hist,38,5,0.0138412,0.0159902,0.00214895,0.06080,0.57814,0.07814
433,617,probs,36,5,0.0319342,0.0485616,0.0166273,0.07937,0.57809,0.07809
434,191,probs,11,4,0.30729,0.251536,-0.0557547,-0.14397,0.42198,0.07802
435,1037,hist,21,0,0.00949975,0.0053764,-0.00412335,-0.09959,0.42241,0.07759
436,886,hist,12,2,0.0694263,0.0787951,0.00936883,0.11665,0.57744,0.07744
437,405,probs,23,14,0.527107,0.582511,0.0554045,0.14983,0.57727,0.07727
438,27,probs,1,10,0.21916,0.246322,0.0271615,0.13237,0.57698,0.07698
439,543,probs,31,16,0.692649,0.673455,-0.0191934,-0.11873,0.42325,0.07675
440,456,probs,26,14,0.762632,0.752788,-0.00984388,-0.02424,0.42339,0.07661
441,923,hist,14,5,0.00753776,0.00415566,-0.00338209,-0.15762,0.42339,0.07661
442,838,hist,9,5,0.0259628,0.0175318,-0.00843102,-0.17125,0.42361,0.07639
443,985,hist,17,16,0.117752,0.104626,-0.0131255,-0.12412,0.42367,0.07633
444,491,probs,28,15,0.457485,0.490371,0.0328862,0.10896,0.57612,0.07612
445,1090,hist,24,2,0.0339261,0.029838,-0.0040881,-0.12949,0.42395,0.07605
446,700,hist,1,3,0.083129,0.090844,0.00771498,0.10324,0.57599,0.07599
447,1291,hist,35,16,0.279848,0.310154,0.0303059,0.11782,0.57592,0.07592
448,431,probs,25,6,0.616858,0.532639,-0.0842198,-0.10058,0.42422,0.07578
449,973,hist,17,4,0.0790049,0.0725244,-0.00648059,-0.14199,0.42430,0.07570
450,173,probs,10,3,0.817978,0.811341,-0.00663658,-0.02051,0.42445,0.07555
451,530,probs,31,3,0.301433,0.371334,0.069901,0.11615,0.57548,0.07548
452,561,probs,33,0,0.497424,0.531193,0.0337691,0.14540,0.57527,0.07527
453,147,probs,8,11,0.399586,0.325431,-0.0741553,-0.13688,0.42474,0.07526
454,1290,hist,35,15,0.0225784,0.00622088,-0.0163575,-0.15581,0.42479,0.07521
455,1066,hist,22,12,0.0956641,0.0860683,-0.00959578,-0.12918,0.42491,0.07509
456,521,probs,30,11,0.79212,0.777699,-0.0144206,-0.09178,0.42539,0.07461
457,780,hist,5,15,0.0847859,0.0733579,-0.0114279,-0.12381,0.42540,0.07460
458,108,probs,6,6,0.487195,0.56615,0.0789556,0.12452,0.57442,0.07442
459,243,probs,14,5,0.239696,0.184284,-0.055412,-0.15916,0.42567,0.07433
460,1039,hist,21,2,0.064293,0.0561966,-0.00809645,-0.12626,0.42571,0.07429
461,213,probs,12,9,0.0259082,0.0268523,0.000944148,0.00635,0.57392,0.07392
462,869,hist,11,2,0.00876721,0.00506821,-0.003699,-0.13364,0.42614,0.07386
463,182,probs,10,12,0.694446,0.675467,-0.018979,-0.04069,0.42622,0.07378
464,332,probs,19,9,0.484736,0.559944,0.0752081,0.14648,0.57354,0.07354
465,845,hist,9,12,0.0382292,0.0335325,-0.00469665,-0.11500,0.42661,0.07339
466,1003,hist,19,0,0.194242,0.158292,-0.0359494,-0.14252,0.42686,0.07314
467,729,hist,2,15,0.0466127,0.0520439,0.00543119,0.09899,0.57297,0.07297
468,303,probs,17,14,0.681427,0.726921,0.0454939,0.13615,0.57296,0.07296
469,1050,hist,21,13,0.0572558,0.0476424,-0.00961332,-0.11475,0.42707,0.07293
470,506,probs,29,13,0.802412,0.793693,-0.00871903,-0.03275,0.42716,0.07284
471,683,hist,0,3,0.0968174,0.0879271,-0.00889027,-0.10818,0.42726,0.07274
472,168,probs,9,15,0.766185,0.741827,-0.0243578,-0.05447,0.42727,0.07273
473,117,probs,6,15,0.515828,0.566151,0.050323,0.12571,0.57272,0.07272
474,1073,hist,23,2,0.0755235,0.0677177,-0.00780581,-0.12758,0.42759,0.07241
475,438,probs,25,13,0.744736,0.793752,0.0490168,0.12569,0.57236,0.07236
476,858,hist,10,8,0.0387107,0.0336729,-0.00503774,-0.12279,0.42764,0.07236
477,300,probs,17,11,0.540186,0.603775,0.0635895,0.16121,0.57210,0.07210
478,1011,hist,19,8,0.0119447,0.00460712,-0.0073376,-0.14446,0.42804,0.07196
479,615,probs,36,3,0.784773,0.855622,0.0708492,0.16500,0.57187,0.07187
480,731,hist,3,0,0.0316102,0.0266951,-0.00491503,-0.12569,0.42814,0.07186
481,253,probs,14,15,0.759077,0.767995,0.00891757,0.02248,0.42815,0.07185
482,1299,hist,36,7,0.114119,0.1295,0.0153811,0.10737,0.57174,0.07174
483,705,hist,1,8,0.0119655,0.0145276,0.00256206,0.10840,0.57173,0.07173
484,835,hist,9,2,0.0471076,0.0388974,-0.00821023,-0.11924,0.42829,0.07171
485,1276,hist,35,1,0.14835,0.106298,-0.0420519,-0.12411,0.42845,0.07155
486,945,hist,15,10,0.0114115,0.00861467,-0.00279678,-0.08678,0.42852,0.07148
487,6,probs,0,6,0.27771,0.307444,0.0297344,0.13735,0.57147,0.07147
488,1232,hist,32,8,0.117561,0.108758,-0.00880304,-0.09693,0.42867,0.07133
489,1079,hist,23,8,0.10662,0.118704,0.0120844,0.12701,0.57115,0.07115
490,921,hist,14,3,0.0481429,0.0411858,-0.00695708,-0.13830,0.42899,0.07101
491,1165,hist,28,9,0.0119841,0.0065297,-0.00545438,-0.10525,0.42924,0.07076
492,65,probs,3,14,0.494217,0.541921,0.0477038,0.13456,0.57073,0.07073
493,371,probs,21,14,0.755713,0.720253,-0.0354607,-0.06592,0.42931,0.07069
494,132,probs,7,13,0.668196,0.645173,-0.0230228,-0.08469,0.42942,0.07058
495,327,probs,19,4,0.686611,0.688061,0.00145077,0.00385,0.42978,0.07022
496,215,probs,12,11,0.682755,0.66366,-0.0190955,-0.05655,0.42996,0.07004
497,1192,hist,30,2,0.0890735,0.0795452,-0.00952826,-0.11514,0.42997,0.07003
498,412,probs,24,4,0.637874,0.633022,-0.00485249,-0.01668,0.43000,0.07000
499,919,hist,14,1,0.00453534,0.00392181,-0.000613535,-0.01955,0.56990,0.06990
500,934,hist,14,16,0.143529,0.157913,0.0143842,0.10920,0.56984,0.06984
501,970,hist,17,1,0.0767694,0.0829732,0.00620382,0.10153,0.56983,0.06983
502,691,hist,0,11,0.00497836,0.00625238,0.00127401,0.06824,0.56978,0.06978
503,526,probs,30,16,0.60392,0.587581,-0.0163383,-0.11062,0.43028,0.06972
504,628,probs,36,16,0.748958,0.724863,-0.0240949,-0.10782,0.43033,0.06967
505,10,probs,0,10,0.230322,0.217179,-0.0131435,-0.09790,0.43035,0.06965
506,483,probs,28,7,0.565628,0.603262,0.0376339,0.12674,0.56964,0.06964
507,513,probs,30,3,0.0745189,0.0835385,0.00901962,0.05045,0.56950,0.06950
508,454,probs,26,12,0.825259,0.871316,0.0460561,0.13833,0.56936,0.06936
509,269,probs,15,14,0.691449,0.709944,0.0184948,0.10140,0.56930,0.06930
510,540,probs,31,13,0.751481,0.743295,-0.00818579,-0.02108,0.43098,0.06902
511,860,hist,10,10,0.0484356,0.0411325,-0.00730312,-0.10398,0.43104,0.06896
512,1007,hist,19,4,0.0911259,0.082291,-0.00883492,-0.10443,0.43114,0.06886
513,489,probs,28,13,0.393459,0.470956,0.0774964,0.11169,0.56882,0.06882
514,387,probs,22,13,0.685864,0.732508,0.0466447,0.13781,0.56865,0.06865
515,583,probs,34,5,0.033189,0.0407841,0.00759507,0.06744,0.56865,0.06865
516,585,probs,34,7,0.771259,0.769497,-0.00176196,-0.00363,0.43160,0.06840
517,373,probs,21,16,0.338539,0.320249,-0.0182901,-0.09328,0.43177,0.06823
518,236,probs,13,15,0.725,0.714162,-0.0108379,-0.02516,0.43179,0.06821
519,13,probs,0,13,0.293066,0.332022,0.0389559,0.12113,0.56792,0.06792
520,782,hist,6,0,0.0193569,0.0214392,0.00208235,0.02463,0.56789,0.06789
521,426,probs,25,1,0.656951,0.656673,-0.000278617,-0.00093,0.43232,0.06768
522,991,hist,18,5,0.11974,0.0808201,-0.0389201,-0.16725,0.43243,0.06757
523,203,probs,11,16,0.667802,0.658684,-0.00911793,-0.07207,0.43251,0.06749
524,34,probs,2,0,0.387512,0.42292,0.0354082,0.12404,0.56727,0.06727
525,518,probs,30,8,0.425453,0.340838,-0.0846149,-0.11961,0.43295,0.06705
526,368,probs,21,11,0.867547,0.885868,0.0183213,0.04298,0.43322,0.06678
527,534,probs,31,7,0.194054,0.131379,-0.0626758,-0.13827,0.43339,0.06661
528,61,probs,3,10,0.420477,0.379165,-0.0413129,-0.10236,0.43360,0.06640
529,218,probs,12,14,0.0780392,0.0575222,-0.0205171,-0.07049,0.43361,0.06639
530,241,probs,14,3,0.686878,0.663969,-0.0229085,-0.05261,0.43363,0.06637
531,693,hist,0,13,0.0194499,0.0235394,0.00408958,0.09277,0.56636,0.06636
532,1160,hist,28,4,0.0193742,0.0109773,-0.0083969,-0.13968,0.43381,0.06619
533,709,hist,1,12,0.00940298,0.0110128,0.0016098,0.07602,0.56593,0.06593
534,968,hist,16,16,0.082275,0.0724006,-0.00987436,-0.09383,0.43422,0.06578
535,403,probs,23,12,0.782801,0.777153,-0.00564792,-0.01391,0.43423,0.06577
536,29,probs,1,12,0.219605,0.242062,0.0224567,0.10984,0.56573,0.06573
537,1031,hist,20,11,0.0727698,0.0654804,-0.00728943,-0.11644,0.43441,0.06559
538,1236,hist,32,12,0.0129672,0.00781201,-0.0051552,-0.10387,0.43444,0.06556
539,291,probs,17,2,0.0085416,0.00786196,-0.000679641,-0.01274,0.56551,0.06551
540,619,probs,36,7,0.879016,0.934527,0.0555111,0.13975,0.56545,0.06545
541,603,probs,35,8,0.0380723,0.0269876,-0.0110846,-0.05328,0.43458,0.06542
542,2,probs,0,2,0.153079,0.175934,0.0228549,0.12873,0.56538,0.06538
543,1177,hist,29,4,0.0379778,0.0435743,0.00559649,0.10459,0.56533,0.06533
544,906,hist,13,5,0.047105,0.0414899,-0.00561508,-0.10043,0.43491,0.06509
545,297,probs,17,8,0.0178559,0.0178056,-5.03003e-05,-0.00039,0.56508,0.06508
546,1189,hist,29,16,0.401142,0.44222,0.0410775,0.15195,0.56503,0.06503
547,1245,hist,33,4,0.166023,0.156151,-0.00987213,-0.07665,0.43510,0.06490
548,1180,hist,29,7,0.0497823,0.0334737,-0.0163086,-0.16436,0.43515,0.06485
549,908,hist,13,7,0.0326405,0.0257414,-0.0068991,-0.09224,0.43544,0.06456
550,650,probs,38,4,0.0943874,0.126368,0.0319804,0.13975,0.56453,0.06453
551,475,probs,27,16,0.67639,0.688617,0.0122271,0.09515,0.56446,0.06446
552,1202,hist,30,12,0.001815,0.00235818,0.000543187,0.02841,0.56431,0.06431
553,376,probs,22,2,0.780402,0.767124,-0.0132787,-0.02613,0.43573,0.06427
554,49,probs,2,15,0.453032,0.495512,0.0424795,0.12078,0.56419,0.06419
555,420,probs,24,12,0.295767,0.371565,0.075798,0.14647,0.56404,0.06404
556,996,hist,18,10,0.0484527,0.0529391,0.00448642,0.07512,0.56386,0.06386
557,198,probs,11,11,0.529215,0.480407,-0.0488073,-0.08437,0.43659,0.06341
558,889,hist,12,5,0.00326291,0.00118098,-0.00208192,-0.13697,0.43659,0.06341
559,548,probs,32,4,0.724842,0.705401,-0.0194412,-0.03661,0.43659,0.06341
560,1064,hist,22,10,0.011473,0.0119262,0.000453232,0.00912,0.56336,0.06336
561,1286,hist,35,11,0.00993588,0.0113341,0.00139826,0.01886,0.56325,0.06325
562,1164,hist,28,8,0.0696815,0.0778778,0.00819629,0.10663,0.56310,0.06310
563,188,probs,11,1,0.498989,0.465613,-0.0333754,-0.07130,0.43692,0.06308
564,1220,hist,31,13,0.118314,0.105598,-0.0127165,-0.10235,0.43698,0.06302
565,897,hist,12,13,0.0315735,0.0166605,-0.014913,-0.12761,0.43701,0.06299
566,803,hist,7,4,0.0340421,0.0304506,-0.00359144,-0.08045,0.43709,0.06291
567,891,hist,12,7,0.072633,0.0646545,-0.00797844,-0.09955,0.43712,0.06288
568,801,hist,7,2,0.0649629,0.0699917,0.00502879,0.08703,0.56254,0.06254
569,41,probs,2,7,0.416224,0.427319,0.0110951,0.10278,0.56253,0.06253
570,498,probs,29,5,0.403731,0.343832,-0.0598996,-0.11309,0.43754,0.06246
571,771,hist,5,6,0.0303392,0.0346309,0.00429175,0.10994,0.56245,0.06245
572,32,probs,1,15,0.385505,0.415985,0.0304797,0.11624,0.56242,0.06242
573,528,probs,31,1,0.400535,0.338063,-0.062472,-0.11303,0.43762,0.06238
574,383,probs,22,9,0.777053,0.792028,0.0149752,0.03859,0.43782,0.06218
575,1229,hist,32,5,0.0446317,0.037028,-0.00760366,-0.11306,0.43795,0.06205
576,878,hist,11,11,0.0463379,0.0326164,-0.0137215,-0.14190,0.43796,0.06204
577,753,hist,4,5,0.0306198,0.0250448,-0.00557496,-0.12069,0.43802,0.06198
578,1088,hist,24,0,0.067828,0.0750083,0.00718033,0.08816,0.56193,0.06193
579,1325,hist,37,16,0.165925,0.143802,-0.0221226,-0.13253,0.43837,0.06163
580,588,probs,34,10,0.732951,0.710151,-0.0228001,-0.04093,0.43844,0.06156
581,551,probs,32,7,0.756231,0.811189,0.0549576,0.14907,0.56147,0.06147
582,1129,hist,26,7,0.00608399,0.00338815,-0.00269584,-0.12911,0.43862,0.06138
583,1012,hist,19,9,0.0502798,0.0520166,0.00173675,0.01475,0.56129,0.06129
584,770,hist,5,5,0.0128299,0.010017,-0.00281293,-0.08199,0.43875,0.06125
585,248,probs,14,10,0.59543,0.56557,-0.0298603,-0.04540,0.43876,0.06124
586,1259,hist,34,1,0.0936588,0.102212,0.00855337,0.10544,0.56115,0.06115
587,357,probs,21,0,0.359419,0.280485,-0.0789346,-0.11085,0.43889,0.06111
588,160,probs,9,7,0.758727,0.748617,-0.0101106,-0.06734,0.43908,0.06092
589,436,probs,25,11,0.0269495,0.015603,-0.0113465,-0.06842,0.56089,0.06089
590,156,probs,9,3,0.155189,0.179833,0.0246431,0.05878,0.56062,0.06062
591,38,probs,2,4,0.291988,0.311013,0.0190246,0.11904,0.56057,0.06057
592,776,hist,5,11,0.0417656,0.0357251,-0.00604053,-0.11645,0.43948,0.06052
593,381,probs,22,7,0.747942,0.749273,0.0013309,0.00325,0.43964,0.06036
594,1214,hist,31,7,0.0122658,0.00366428,-0.00860148,-0.15067,0.43968,0.06032
595,1058,hist,22,4,0.0225724,0.018692,-0.00388044,-0.10068,0.43971,0.06029
596,1163,hist,28,7,0.0623137,0.0696132,0.00729956,0.09388,0.56023,0.06023
597,1087,hist,23,16,0.0567542,0.0507183,-0.00603597,-0.09417,0.43990,0.06010
598,746,hist,3,15,0.0587155,0.0533638,-0.0053517,-0.09417,0.44000,0.06000
599,696,hist,0,16,0.440835,0.426017,-0.0148176,-0.10623,0.44007,0.05993
600,715,hist,2,1,0.0984707,0.107654,0.00918296,0.09853,0.55987,0.05987
601,912,hist,13,11,0.0234968,0.0177674,-0.00572941,-0.12451,0.44017,0.05983
602,877,hist,11,10,0.0018253,0.00237234,0.000547038,0.05470,0.55968,0.05968
603,787,hist,6,5,0.0906859,0.0969844,0.00629851,0.09627,0.55967,0.05967
604,788,hist,6,6,0.0170626,0.0180577,0.000995096,0.02486,0.55964,0.05964
605,199,probs,11,12,0.830513,0.823471,-0.00704147,-0.04553,0.44047,0.05953
606,410,probs,24,2,0.557161,0.58951,0.0323493,0.07491,0.55924,0.05924
607,42,probs,2,8,0.47111,0.509103,0.0379923,0.12922,0.55916,0.05916
608,309,probs,18,3,0.746741,0.738509,-0.00823194,-0.02206,0.44097,0.05903
609,8,probs,0,8,0.192965,0.218042,0.0250771,0.11590,0.55902,0.05902
610,895,hist,12,11,0.0547467,0.0487022,-0.00604452,-0.11757,0.44098,0.05902
611,1240,hist,32,16,0.202698,0.191538,-0.0111605,-0.07690,0.44122,0.05878
612,1249,hist,33,8,0.00817935,0.00404473,-0.00413462,-0.13754,0.44136,0.05864
613,1247,hist,33,6,0.0173097,0.0100705,-0.00723925,-0.11111,0.44145,0.05855
614,225,probs,13,4,0.014152,0.00796438,-0.00618766,-0.06406,0.44147,0.05853
615,861,hist,10,11,0.0122931,0.00943607,-0.00285705,-0.10171,0.44148,0.05852
616,703,hist,1,6,0.0172014,0.0194066,0.00220515,0.05815,0.55850,0.05850
617,757,hist,4,9,0.0628529,0.0689094,0.00605646,0.08038,0.55841,0.05841
618,419,probs,24,11,0.694538,0.742126,0.0475874,0.13369,0.55839,0.05839
619,723,hist,2,9,0.0144208,0.0106756,-0.00374521,-0.13475,0.44170,0.05830
620,254,probs,14,16,0.600924,0.611772,0.0108482,0.09300,0.55816,0.05816
621,946,hist,15,11,0.0870226,0.0763554,-0.0106672,-0.10502,0.44203,0.05797
622,468,probs,27,9,0.509312,0.442835,-0.0664771,-0.07598,0.44216,0.05784
623,1250,hist,33,9,0.0470687,0.0516684,0.00459963,0.06817,0.55783,0.05783
624,1201,hist,30,11,0.0844469,0.078145,-0.00630186,-0.08821,0.44225,0.05775
625,669,probs,39,6,0.00138358,0.00154874,0.000165163,0.17344,0.55763,0.05763
626,146,probs,8,10,0.628922,0.679262,0.0503403,0.12760,0.55761,0.05761
627,544,probs,32,0,0.668882,0.66284,-0.00604221,-0.01350,0.44244,0.05756
628,209,probs,12,5,0.18888,0.145686,-0.0431932,-0.12014,0.44257,0.05743
629,720,hist,2,6,0.00411472,0.00610535,0.00199063,0.11386,0.55729,0.05729
630,82,probs,4,14,0.459239,0.484194,0.0249555,0.09375,0.55715,0.05715
631,202,probs,11,15,0.0594227,0.0166127,-0.04281,-0.15743,0.44290,0.05710
632,505,probs,29,12,0.271875,0.312642,0.0407672,0.08947,0.55702,0.05702
633,86,probs,5,1,0.569943,0.589719,0.0197758,0.09329,0.55698,0.05698
634,228,probs,13,7,0.537886,0.48714,-0.0507462,-0.09036,0.44318,0.05682
635,87,probs,5,2,0.527521,0.486669,-0.0408522,-0.06745,0.44330,0.05670
636,470,probs,27,11,0.702585,0.742146,0.0395605,0.11405,0.55662,0.05662
637,1151,hist,27,12,0.0167405,0.0175405,0.000800003,0.01729,0.55646,0.05646
638,685,hist,0,5,0.00178427,0.00243134,0.000647074,0.06154,0.55645,0.05645
639,62,probs,3,11,0.381079,0.360203,-0.0208757,-0.07022,0.44359,0.05641
640,222,probs,13,1,0.651792,0.710159,0.0583675,0.13757,0.55630,0.05630
641,343,probs,20,3,0.70552,0.75386,0.0483399,0.12834,0.55602,0.05602
642,807,hist,7,8,0.019364,0.0211257,0.00176164,0.03183,0.55591,0.05591
643,624,probs,36,12,0.0792417,0.119576,0.0403344,0.12191,0.55588,0.05588
644,401,probs,23,10,0.715792,0.704623,-0.0111682,-0.02117,0.44431,0.05569
645,409,probs,24,1,0.567259,0.528018,-0.0392408,-0.07748,0.44432,0.05568
646,95,probs,5,10,0.290379,0.319116,0.0287372,0.07426,0.55566,0.05566
647,290,probs,17,1,0.780742,0.815141,0.0343991,0.09110,0.55557,0.05557
648,363,probs,21,6,0.808725,0.81842,0.00969546,0.02245,0.44449,0.05551
649,424,probs,24,16,0.535902,0.523957,-0.0119444,-0.07920,0.44471,0.05529
650,224,probs,13,3,0.148457,0.15084,0.00238333,0.00481,0.55526,0.05526
651,935,hist,15,0,0.0029968,0.000516438,-0.00248037,-0.11922,0.44491,0.05509
652,707,hist,1,10,0.00368341,0.00458547,0.000902064,0.06129,0.55501,0.05501
653,1005,hist,19,2,0.0484111,0.0545975,0.00618636,0.07265,0.55495,0.05495
654,1019,hist,19,16,0.202461,0.219061,0.0166007,0.10222,0.55485,0.05485
655,868,hist,11,1,0.0329941,0.0272482,-0.0057459,-0.10350,0.44520,0.05480
656,1030,hist,20,10,0.0759516,0.0952576,0.0193059,0.11447,0.55473,0.05473
657,322,probs,18,16,0.636214,0.629209,-0.00700537,-0.06199,0.44539,0.05461
658,567,probs,33,6,0.299474,0.253676,-0.0457974,-0.08619,0.44540,0.05460
659,680,hist,0,0,0.0789719,0.0854533,0.0064814,0.08558,0.55460,0.05460
660,1117,hist,25,12,0.0911947,0.0970094,0.00581478,0.08055,0.55453,0.05453
661,210,probs,12,6,0.640571,0.656396,0.0158252,0.07746,0.55423,0.05423
662,445,probs,26,3,0.719244,0.748674,0.0294304,0.08607,0.55412,0.05412
663,1210,hist,31,3,0.00765756,0.00864007,0.000982515,0.03795,0.55368,0.05368
664,245,probs,14,7,0.637849,0.624666,-0.0131826,-0.02864,0.44636,0.05364
665,221,probs,13,0,0.750624,0.766556,0.0159322,0.04175,0.44665,0.05335
666,499,probs,29,6,0.02694,0.0331341,0.00619411,0.05373,0.55323,0.05323
667,661,probs,38,15,0.449044,0.49582,0.0467761,0.09991,0.55306,0.05306
668,596,probs,35,1,0.59081,0.529635,-0.0611749,-0.08286,0.44700,0.05300
669,1057,hist,22,3,0.0722493,0.0656692,-0.00658016,-0.11124,0.44728,0.05272
670,873,hist,11,6,0.0336591,0.0328243,-0.000834821,-0.00880,0.55250,0.05250
671,134,probs,7,15,0.73936,0.732769,-0.00659105,-0.02098,0.44750,0.05250
672,330,probs,19,7,0.74556,0.755934,0.0103747,0.02660,0.44770,0.05230
673,1112,hist,25,7,0.0783822,0.070528,-0.00785412,-0.09453,0.44784,0.05216
674,559,probs,32,15,0.0539999,0.0578526,0.00385262,0.05272,0.55210,0.05210
675,480,probs,28,4,0.382812,0.319676,-0.0631356,-0.09864,0.44802,0.05198
676,432,probs,25,7,0.749165,0.781956,0.0327903,0.07416,0.55169,0.05169
677,1026,hist,20,6,0.055221,0.0587176,0.00349655,0.05682,0.55157,0.05157
678,22,probs,1,5,0.380363,0.392997,0.0126336,0.06598,0.55155,0.05155
679,541,probs,31,14,0.5413,0.46535,-0.0759501,-0.08555,0.44851,0.05149
680,1187,hist,29,14,0.0466694,0.0505383,0.00386886,0.07152,0.55129,0.05129
681,629,probs,37,0,0.214101,0.188532,-0.0255689,-0.04724,0.55127,0.05127
682,492,probs,28,16,0.676647,0.664862,-0.0117845,-0.08625,0.44887,0.05113
683,325,probs,19,2,0.6088,0.66108,0.0522807,0.09871,0.55077,0.05077
684,545,probs,32,1,0.359518,0.407523,0.0480052,0.07987,0.55057,0.05057
685,451,probs,26,9,0.456261,0.386266,-0.0699952,-0.08997,0.44958,0.05042
686,31,probs,1,14,0.401814,0.426774,0.0249605,0.07669,0.55026,0.05026
687,416,probs,24,8,0.853836,0.892467,0.038631,0.11925,0.55024,0.05024
688,40,probs,2,6,0.17734,0.194895,0.0175556,0.08790,0.55023,0.05023
689,630,probs,37,1,0.0267716,0.0381508,0.0113792,0.06653,0.55011,0.05011
690,163,probs,9,10,0.252291,0.194746,-0.0575454,-0.12319,0.44993,0.05007
691,1317,hist,37,8,0.0236558,0.0269225,0.00326672,0.06941,0.55003,0.05003
692,1141,hist,27,2,0.00963696,0.00767579,-0.00196117,-0.07471,0.45003,0.04997
693,841,hist,9,8,0.0688718,0.0738367,0.00496489,0.08112,0.54974,0.04974
694,732,hist,3,1,0.0412405,0.0355849,-0.0056556,-0.07063,0.45027,0.04973
695,204,probs,12,0,0.0323091,0.0297413,-0.00256779,-0.01658,0.45047,0.04953
696,774,hist,5,9,0.00859655,0.00678089,-0.00181566,-0.06940,0.45049,0.04951
697,765,hist,5,0,0.0803832,0.0849743,0.00459116,0.07365,0.54938,0.04938
698,446,probs,26,4,0.839657,0.860487,0.0208295,0.07882,0.54903,0.04903
699,485,probs,28,9,0.308259,0.262168,-0.0460907,-0.07567,0.45107,0.04893
700,280,probs,16,8,0.70786,0.69908,-0.00878019,-0.02244,0.45115,0.04885
701,1205,hist,30,15,0.0635203,0.0689283,0.00540797,0.07718,0.54882,0.04882
702,778,hist,5,13,0.0966605,0.102473,0.0058123,0.08323,0.54867,0.04867
703,640,probs,37,11,0.318454,0.246772,-0.0716818,-0.10395,0.45142,0.04858
704,627,probs,36,15,0.838644,0.873231,0.0345869,0.06241,0.54851,0.04851
705,885,hist,12,1,0.0642659,0.0456543,-0.0186115,-0.11476,0.45152,0.04848
706,949,hist,15,14,0.0739127,0.0685667,-0.00534599,-0.11642,0.45163,0.04837
707,1158,hist,28,2,0.079467,0.0736099,-0.00585713,-0.08617,0.45169,0.04831
708,334,probs,19,11,0.701744,0.710448,0.00870351,0.06026,0.54817,0.04817
709,289,probs,17,0,0.77165,0.773042,0.00139152,0.00331,0.45194,0.04806
710,430,probs,25,5,0.79964,0.788403,-0.011237,-0.02604,0.45224,0.04776
711,597,probs,35,2,0.782878,0.798361,0.0154831,0.03093,0.45231,0.04769
712,712,hist,1,15,0.0396379,0.0425613,0.00292346,0.06150,0.54767,0.04767
713,12,probs,0,12,0.316102,0.335609,0.019507,0.06747,0.54765,0.04765
714,301,probs,17,12,0.4915,0.535947,0.0444469,0.08427,0.54765,0.04765
715,355,probs,20,15,0.874716,0.862462,-0.012254,-0.08249,0.45238,0.04762
716,1055,hist,22,1,0.0393303,0.0290775,-0.0102528,-0.09935,0.45250,0.04750
717,525,probs,30,15,0.589427,0.622992,0.0335653,0.09839,0.54738,0.04738
718,85,probs,5,0,0.628555,0.652466,0.0239104,0.08716,0.54729,0.04729
719,737,hist,3,6,0.0418476,0.0445525,0.0027049,0.06257,0.54728,0.04728
720,605,probs,35,10,0.0488668,0.0615238,0.012657,0.07230,0.54715,0.04715
721,800,hist,7,1,0.00811208,0.00523186,-0.00288022,-0.05490,0.45288,0.04712
722,176,probs,10,6,0.655235,0.694539,0.0393038,0.11274,0.54702,0.04702
723,701,hist,1,4,0.0105701,0.00880818,-0.00176193,-0.07250,0.45301,0.04699
724,164,probs,9,11,0.0557985,0.0382523,-0.0175463,-0.06881,0.54631,0.04631
725,162,probs,9,9,0.0297889,0.0312101,0.00142125,0.01028,0.54630,0.04630
726,232,probs,13,11,0.381834,0.368188,-0.0136462,-0.02891,0.45383,0.04617
727,1170,hist,28,14,0.0400034,0.0350037,-0.00499972,-0.08230,0.45392,0.04608
728,359,probs,21,2,0.913538,0.907746,-0.00579204,-0.03551,0.45392,0.04608
729,1120,hist,25,15,0.0573212,0.054168,-0.00315318,-0.06353,0.45393,0.04607
730,114,probs,6,12,0.797858,0.832256,0.0343981,0.08664,0.54605,0.04605
731,178,probs,10,8,0.572549,0.565278,-0.00727135,-0.02201,0.45411,0.04589
732,217,probs,12,13,0.38926,0.323402,-0.0658574,-0.09363,0.45412,0.04588
733,1068,hist,22,14,0.0312628,0.02784,-0.00342282,-0.09112,0.45422,0.04578
734,523,probs,30,13,0.762978,0.762295,-0.000683036,-0.00202,0.45436,0.04564
735,514,probs,30,4,0.661751,0.665841,0.00409078,0.01419,0.45442,0.04558
736,25,probs,1,8,0.294395,0.315779,0.0213834,0.09748,0.54546,0.04546
737,676,probs,39,13,0.00240661,0.00265932,0.000252718,0.08130,0.54542,0.04542
738,519,probs,30,9,0.71146,0.709762,-0.00169858,-0.00550,0.45461,0.04539
739,201,probs,11,14,0.584145,0.538865,-0.0452795,-0.06431,0.45474,0.04526
740,136,probs,8,0,0.357568,0.390389,0.0328204,0.08182,0.54508,0.04508
741,118,probs,6,16,0.686394,0.678562,-0.00783254,-0.06671,0.45497,0.04503
742,1126,hist,26,4,0.0572684,0.0525976,-0.00467082,-0.09579,0.45506,0.04494
743,324,probs,19,1,0.678932,0.674439,-0.00449343,-0.00768,0.45510,0.04490
744,576,probs,33,15,0.0767122,0.0567678,-0.0199444,-0.07754,0.45512,0.04488
745,487,probs,28,11,0.67825,0.687318,0.00906775,0.02569,0.45535,0.04465
746,312,probs,18,6,0.613415,0.628895,0.0154804,0.06985,0.54461,0.04461
747,177,probs,10,7,0.426313,0.465291,0.038978,0.07557,0.54455,0.04455
748,694,hist,0,14,0.01738,0.019082,0.00170202,0.06063,0.54448,0.04448
749,1339,hist,38,13,0.000208963,0.000310082,0.000101119,0.02041,0.54445,0.04445
750,140,probs,8,4,0.586566,0.57809,-0.00847598,-0.01999,0.45556,0.04444
751,265,probs,15,10,0.233939,0.249435,0.0154956,0.05763,0.54415,0.04415
752,620,probs,36,8,0.0238918,0.0370065,0.0131146,0.05834,0.54410,0.04410
753,1330,hist,38,4,0.00173506,0.00281606,0.001081,0.05802,0.54408,0.04408
754,644,probs,37,15,0.966982,0.975252,0.00827034,0.05089,0.45592,0.04408
755,120,probs,7,1,0.2031,0.1802,-0.0228994,-0.04295,0.45597,0.04403
756,139,probs,8,3,0.625117,0.643437,0.0183205,0.09949,0.54387,0.04387
757,881,hist,11,14,0.0804189,0.0690937,-0.0113252,-0.06006,0.45640,0.04360
758,57,probs,3,6,0.384625,0.405487,0.0208624,0.07944,0.54360,0.04360
759,16,probs,0,16,0.574097,0.589753,0.0156567,0.11436,0.54351,0.04351
760,511,probs,30,1,0.682883,0.677692,-0.00519096,-0.01161,0.45651,0.04349
761,793,hist,6,11,0.0265296,0.0223135,-0.00421619,-0.08698,0.45652,0.04348
762,460,probs,27,1,0.486818,0.520824,0.0340058,0.05951,0.54322,0.04322
763,246,probs,14,8,0.814363,0.848817,0.0344541,0.11412,0.54321,0.04321
764,122,probs,7,3,0.0160656,0.0139188,-0.00214675,-0.02493,0.54308,0.04308
765,70,probs,4,2,0.181847,0.195866,0.0140186,0.05791,0.54286,0.04286
766,595,probs,35,0,0.777305,0.765773,-0.0115318,-0.01982,0.45714,0.04286
767,887,hist,12,3,0.109321,0.11553,0.0062088,0.07229,0.54248,0.04248
768,44,probs,2,10,0.332736,0.348459,0.0157237,0.07352,0.54235,0.04235
769,1100,hist,24,12,0.0066929,0.00789878,0.00120589,0.04933,0.54226,0.04226
770,1326,hist,38,0,0.000603073,0.000534992,-6.80811e-05,-0.01048,0.54217,0.04217
771,231,probs,13,10,0.724243,0.785426,0.0611829,0.13890,0.54206,0.04206
772,847,hist,9,14,0.0841489,0.0896108,0.00546191,0.03081,0.54197,0.04197
773,853,hist,10,3,0.0796085,0.0748919,-0.00471667,-0.07638,0.45803,0.04197
774,882,hist,11,15,0.00374231,0.000230112,-0.00351219,-0.10563,0.45804,0.04196
775,1304,hist,36,12,0.00166335,0.00159011,-7.32449e-05,-0.00558,0.54196,0.04196
776,457,probs,26,15,0.709787,0.734158,0.0243706,0.09137,0.54195,0.04195
777,496,probs,29,3,0.698762,0.701462,0.00270029,0.00666,0.45807,0.04193
778,785,hist,6,3,0.0417487,0.0385117,-0.00323701,-0.05855,0.45817,0.04183
779,744,hist,3,13,0.0104782,0.0116118,0.00113354,0.04939,0.54176,0.04176
780,439,probs,25,14,0.895722,0.922893,0.0271709,0.10982,0.54169,0.04169
781,959,hist,16,7,0.00869923,0.00537316,-0.00332608,-0.08075,0.45846,0.04154
782,348,probs,20,8,0.0225477,0.0296552,0.00710758,0.05468,0.54148,0.04148
783,1319,hist,37,10,0.000869962,0.000961929,9.19668e-05,0.01243,0.54147,0.04147
784,909,hist,13,8,0.0569592,0.0595768,0.00261764,0.04520,0.54143,0.04143
785,1188,hist,29,15,0.012318,0.00982116,-0.00249682,-0.08111,0.45864,0.04136
786,626,probs,36,14,0.466782,0.512859,0.0460768,0.06110,0.54136,0.04136
787,79,probs,4,11,0.478885,0.502392,0.0235071,0.07818,0.54125,0.04125
788,476,probs,28,0,0.61198,0.656136,0.0441567,0.11758,0.54117,0.04117
789,1061,hist,22,7,0.131215,0.125063,-0.00615238,-0.05149,0.45888,0.04112
790,413,probs,24,5,0.832987,0.842064,0.00907714,0.02844,0.45894,0.04106
791,859,hist,10,9,0.0866042,0.0813572,-0.00524696,-0.10167,0.45909,0.04091
792,687,hist,0,7,0.0586519,0.0626495,0.00399763,0.07451,0.54088,0.04088
793,529,probs,31,2,0.273067,0.295335,0.0222683,0.04736,0.54082,0.04082
794,282,probs,16,10,0.016778,0.0056544,-0.0111236,-0.08184,0.54080,0.04080
795,68,probs,4,0,0.475114,0.49858,0.0234651,0.07484,0.54077,0.04077
796,591,probs,34,13,0.176874,0.18616,0.00928631,0.02313,0.45932,0.04068
797,353,probs,20,13,0.64275,0.685344,0.0425947,0.12029,0.54065,0.04065
798,366,probs,21,9,0.889434,0.921208,0.0317744,0.11234,0.54064,0.04064
799,976,hist,17,7,0.00747962,0.00418241,-0.00329721,-0.05886,0.45948,0.04052
800,306,probs,18,0,0.0180346,0.0144348,-0.00359981,-0.04944,0.45950,0.04050
801,149,probs,8,13,0.507349,0.483751,-0.0235973,-0.04853,0.45951,0.04049
802,531,probs,31,4,0.765482,0.760583,-0.00489861,-0.01042,0.45959,0.04041
803,739,hist,3,8,0.0340866,0.0286138,-0.00547281,-0.09193,0.45973,0.04027
804,71,probs,4,3,0.467339,0.500997,0.0336581,0.07722,0.53993,0.03993
805,594,probs,34,16,0.658988,0.67573,0.0167425,0.07641,0.53988,0.03988
806,378,probs,22,4,0.498192,0.469089,-0.0291035,-0.06993,0.46022,0.03978
807,958,hist,16,6,0.015647,0.0092566,-0.00639039,-0.07702,0.46042,0.03958
808,142,probs,8,6,0.117323,0.128182,0.010859,0.04065,0.53958,0.03958
809,313,probs,18,7,0.612467,0.613333,0.000865402,0.00224,0.46055,0.03945
810,174,probs,10,4,0.0295866,0.0265313,-0.00305529,-0.02066,0.53929,0.03929
811,76,probs,4,8,0.670818,0.682131,0.0113129,0.07044,0.53922,0.03922
812,240,probs,14,2,0.752867,0.760977,0.00810948,0.02017,0.46115,0.03885
813,223,probs,13,2,0.231221,0.287985,0.0567643,0.09635,0.53874,0.03874
814,1169,hist,28,13,0.010417,0.011472,0.00105504,0.03736,0.53869,0.03869
815,279,probs,16,7,0.179794,0.142144,-0.0376497,-0.08257,0.46134,0.03866
816,205,probs,12,1,0.599766,0.5699,-0.0298663,-0.03973,0.46137,0.03863
817,1292,hist,36,0,0.00705603,0.000343395,-0.00671264,-0.12675,0.46145,0.03855
818,1157,hist,28,1,0.00409157,0.00169168,-0.0023999,-0.09383,0.46147,0.03853
819,370,probs,21,13,0.739776,0.750661,0.0108844,0.01799,0.46151,0.03849
820,63,probs,3,12,0.326974,0.350228,0.0232536,0.06983,0.53845,0.03845
821,83,probs,4,15,0.529748,0.562619,0.0328713,0.09255,0.53833,0.03833
822,607,probs,35,12,0.298222,0.373491,0.0752696,0.09998,0.53833,0.03833
823,226,probs,13,5,0.616491,0.597991,-0.0185002,-0.03868,0.46171,0.03829
824,206,probs,12,2,0.605307,0.646868,0.0415609,0.12111,0.53825,0.03825
825,918,hist,14,0,0.0729542,0.0682044,-0.00474975,-0.10266,0.46190,0.03810
826,97,probs,5,12,0.646406,0.678504,0.0320978,0.09420,0.53780,0.03780
827,936,hist,15,1,0.00728317,0.000295913,-0.00698725,-0.14120,0.46232,0.03768
828,542,probs,31,15,0.686721,0.675751,-0.0109698,-0.05237,0.46237,0.03763
829,577,probs,33,16,0.590232,0.602707,0.0124754,0.06398,0.53756,0.03756
830,1199,hist,30,9,0.0790304,0.0834834,0.00445299,0.06479,0.53726,0.03726
831,1335,hist,38,9,0.00638369,0.00473268,-0.00165101,-0.08747,0.46295,0.03705
832,965,hist,16,13,0.187209,0.157925,-0.0292836,-0.09394,0.46307,0.03693
833,5,probs,0,5,0.159361,0.174034,0.0146721,0.11354,0.53692,0.03692
834,497,probs,29,4,0.596567,0.633656,0.0370889,0.10775,0.53687,0.03687
835,1225,hist,32,1,0.0122852,0.0138954,0.0016102,0.04338,0.53683,0.03683
836,1279,hist,35,4,0.136867,0.143095,0.00622783,0.07445,0.53679,0.03679
837,558,probs,32,14,0.6984,0.750933,0.0525335,0.10953,0.53677,0.03677
838,786,hist,6,4,0.00245869,0.00172399,-0.000734701,-0.06917,0.46332,0.03668
839,477,probs,28,1,0.128719,0.102515,-0.0262038,-0.06764,0.46343,0.03657
840,901,hist,13,0,0.0722078,0.0762412,0.00403339,0.07473,0.53649,0.03649
841,717,hist,2,3,0.0324738,0.0336913,0.00121747,0.02609,0.53644,0.03644
842,94,probs,5,9,0.266522,0.244495,-0.0220273,-0.06259,0.46359,0.03641
843,295,probs,17,6,0.771118,0.80536,0.0342414,0.11774,0.53609,0.03609
844,689,hist,0,9,0.0126053,0.0103555,-0.00224972,-0.05941,0.46416,0.03584
845,692,hist,0,12,0.0259398,0.0229238,-0.00301605,-0.07313,0.46433,0.03567
846,145,probs,8,9,0.858938,0.864208,0.0052698,0.02349,0.46438,0.03562
847,1099,hist,24,11,0.0774714,0.0824944,0.00502297,0.05849,0.53555,0.03555
848,1224,hist,32,0,0.0572443,0.0514443,-0.00580003,-0.08042,0.46453,0.03547
849,1080,hist,23,9,0.0188016,0.015012,-0.0037896,-0.06947,0.46455,0.03545
850,1171,hist,28,15,0.0324026,0.0336995,0.00129687,0.03299,0.53540,0.03540
851,414,probs,24,6,0.0662312,0.0916119,0.0253807,0.08512,0.53534,0.03534
852,377,probs,22,3,0.865715,0.862609,-0.00310544,-0.01172,0.46481,0.03519
853,1186,hist,29,13,0.0894408,0.0911341,0.00169328,0.01501,0.53513,0.03513
854,58,probs,3,7,0.40324,0.428969,0.0257281,0.06670,0.53506,0.03506
855,293,probs,17,4,0.878599,0.892603,0.0140041,0.06787,0.53500,0.03500
856,158,probs,9,5,0.527941,0.498858,-0.0290825,-0.05063,0.46501,0.03499
857,138,probs,8,2,0.75662,0.786257,0.0296367,0.09256,0.53491,0.03491
858,1267,hist,34,9,0.120746,0.114429,-0.00631743,-0.02856,0.53473,0.03473
859,351,probs,20,11,0.742778,0.733434,-0.00934404,-0.02604,0.46549,0.03451
860,1278,hist,35,3,0.00104021,0.0011683,0.000128099,0.01614,0.53442,0.03442
861,1185,hist,29,12,0.00749623,0.00837047,0.000874247,0.03704,0.53440,0.03440
862,1101,hist,24,13,0.067948,0.0647749,-0.00317315,-0.05799,0.46573,0.03427
863,762,hist,4,14,0.0495565,0.0528238,0.00326727,0.06988,0.53413,0.03413
864,688,hist,0,8,0.00371296,0.00392986,0.000216902,0.01276,0.53413,0.03413
865,828,hist,8,12,0.0759953,0.0787132,0.00271791,0.04417,0.53407,0.03407
866,503,probs,29,10,0.776173,0.760497,-0.0156762,-0.04019,0.46620,0.03380
867,989,hist,18,3,0.0553658,0.0530114,-0.00235441,-0.04313,0.46623,0.03377
868,449,probs,26,7,0.230658,0.213227,-0.0174307,-0.03290,0.46628,0.03372
869,428,probs,25,3,0.400489,0.437057,0.036568,0.05285,0.53333,0.03333
870,857,hist,10,7,0.0170769,0.0188153,0.00173834,0.03081,0.53327,0.03327
871,99,probs,5,14,0.714854,0.73573,0.0208761,0.09157,0.53327,0.03327
872,478,probs,28,2,0.710937,0.712981,0.00204457,0.00698,0.46687,0.03313
873,37,probs,2,3,0.354765,0.373167,0.0184021,0.06657,0.53312,0.03312
874,285,probs,16,13,0.709398,0.712075,0.0026772,0.00487,0.46718,0.03282
875,1258,hist,34,0,0.00732572,0.00592527,-0.00140045,-0.07158,0.46741,0.03259
876,832,hist,8,16,0.174142,0.169141,-0.00500169,-0.04471,0.46748,0.03252
877,550,probs,32,6,0.908,0.907366,-0.000634079,-0.00373,0.46762,0.03238
878,155,probs,9,2,0.484859,0.479258,-0.0056007,-0.01215,0.46772,0.03228
879,17,probs,1,0,0.346173,0.329448,-0.0167256,-0.05840,0.46772,0.03228
880,171,probs,10,1,0.585466,0.614008,0.0285419,0.10080,0.53175,0.03175
881,28,probs,1,11,0.311792,0.30613,-0.00566223,-0.02080,0.46833,0.03167
882,365,probs,21,8,0.698986,0.755553,0.0565676,0.11662,0.53166,0.03166
883,183,probs,10,13,0.710231,0.711903,0.00167197,0.00518,0.46844,0.03156
884,3,probs,0,3,0.353119,0.368738,0.0156193,0.07205,0.53149,0.03149
885,892,hist,12,8,0.0871448,0.0903706,0.00322583,0.04135,0.53137,0.03137
886,773,hist,5,8,0.00557771,0.00374667,-0.00183103,-0.07551,0.46865,0.03135
887,1097,hist,24,9,0.0637489,0.0657765,0.0020276,0.03325,0.53123,0.03123
888,281,probs,16,9,0.826846,0.851885,0.0250389,0.06555,0.46887,0.03113
889,830,hist,8,14,0.051038,0.0525677,0.00152963,0.03190,0.53109,0.03109
890,484,probs,28,8,0.747437,0.76905,0.0216135,0.05715,0.46899,0.03101
891,631,probs,37,2,0.0574293,0.047125,-0.0103044,-0.03185,0.46910,0.03090
892,1024,hist,20,4,0.0348115,0.0333746,-0.00143691,-0.02129,0.46917,0.03083
893,105,probs,6,3,0.523462,0.548433,0.0249707,0.05775,0.53073,0.03073
894,180,probs,10,10,0.60856,0.629769,0.0212097,0.03860,0.53069,0.03069
895,1215,hist,31,8,0.029307,0.0263351,-0.00297185,-0.07038,0.46949,0.03051
896,133,probs,7,14,0.324262,0.337906,0.0136443,0.03957,0.53044,0.03044
897,718,hist,2,4,0.0246985,0.0261948,0.00149626,0.04240,0.53036,0.03036
898,1047,hist,21,10,0.0389295,0.0355064,-0.00342306,-0.03277,0.46966,0.03034
899,465,probs,27,6,0.697195,0.730069,0.0328739,0.07363,0.53032,0.03032
900,928,hist,14,10,0.0950986,0.063198,-0.0319006,-0.15164,0.46969,0.03031
901,444,probs,26,2,0.0520627,0.0428101,-0.00925253,-0.04385,0.46972,0.03028
902,385,probs,22,11,0.84948,0.863156,0.0136758,0.04279,0.46992,0.03008
903,1306,hist,36,14,0.0138787,0.0145673,0.000688583,0.01640,0.53002,0.03002
904,341,probs,20,1,0.788947,0.817482,0.0285348,0.09237,0.52995,0.02995
905,380,probs,22,6,0.128844,0.115986,-0.0128573,-0.03375,0.47006,0.02994
906,1095,hist,24,7,0.0589043,0.0544402,-0.00446416,-0.06791,0.47009,0.02991
907,427,probs,25,2,0.774282,0.810854,0.0365715,0.10754,0.52970,0.02970
908,736,hist,3,5,0.0633712,0.0632677,-0.000103573,-0.00147,0.52955,0.02955
909,815,hist,7,16,0.156307,0.152406,-0.00390106,-0.03789,0.47054,0.02946
910,609,probs,35,14,0.0137803,0.0213833,0.00760297,0.05758,0.52940,0.02940
911,1341,hist,38,15,0.0254469,0.0365372,0.0110903,0.10994,0.52939,0.02939
912,392,probs,23,1,0.405376,0.433211,0.0278344,0.04553,0.52936,0.02936
913,1132,hist,26,10,0.0387938,0.0352722,-0.00352165,-0.05801,0.47069,0.02931
914,564,probs,33,3,0.155888,0.186375,0.0304875,0.05764,0.52928,0.02928
915,1173,hist,29,0,0.0234834,0.0209688,-0.0025146,-0.07189,0.47089,0.02911
916,826,hist,8,10,0.083492,0.0857908,0.00229881,0.02046,0.52882,0.02882
917,714,hist,2,0,0.0487964,0.0505417,0.00174528,0.04029,0.52866,0.02866
918,88,probs,5,3,0.315189,0.333761,0.0185717,0.05145,0.52862,0.02862
919,1223,hist,31,16,0.337671,0.354327,0.0166566,0.08631,0.52860,0.02860
920,768,hist,5,3,0.0163572,0.014989,-0.00136823,-0.03303,0.47142,0.02858
921,1004,hist,19,1,0.088379,0.0780806,-0.0102984,-0.04960,0.52853,0.02853
922,600,probs,35,5,0.0370619,0.0537952,0.0167333,0.07493,0.52853,0.02853
923,1176,hist,29,3,0.0623624,0.0587362,-0.00362616,-0.05381,0.47150,0.02850
924,1038,hist,21,1,0.121578,0.123625,0.00204618,0.01818,0.52846,0.02846
925,316,probs,18,10,0.584363,0.618231,0.0338678,0.09526,0.52840,0.02840
926,1094,hist,24,6,0.00117009,0.00141497,0.000244884,0.00897,0.52837,0.02837
927,143,probs,8,7,0.494069,0.519446,0.0253771,0.04613,0.52825,0.02825
928,67,probs,3,16,0.722972,0.730359,0.00738664,0.04818,0.52820,0.02820
929,339,probs,19,16,0.605966,0.610725,0.00475956,0.04742,0.52815,0.02815
930,520,probs,30,10,0.204815,0.240903,0.0360882,0.06391,0.52773,0.02773
931,1269,hist,34,11,0.0391791,0.0342519,-0.00492722,-0.07912,0.47252,0.02748
932,1092,hist,24,4,0.0900227,0.08549,-0.00453268,-0.05846,0.47263,0.02737
933,161,probs,9,8,0.675141,0.683378,0.00823779,0.02636,0.47267,0.02733
934,1184,hist,29,11,0.0283863,0.0256095,-0.00277676,-0.06532,0.47270,0.02730
935,1238,hist,32,14,0.0788983,0.080289,0.00139067,0.01010,0.52727,0.02727
936,849,hist,9,16,0.259085,0.26788,0.00879482,0.05257,0.52725,0.02725
937,777,hist,5,12,0.0649688,0.0673619,0.00239305,0.04177,0.52715,0.02715
938,772,hist,5,7,0.0428288,0.043972,0.00114316,0.02163,0.52700,0.02700
939,748,hist,4,0,0.0286573,0.0262106,-0.00244672,-0.06523,0.47302,0.02698
940,657,probs,38,11,0.281664,0.313425,0.0317613,0.05834,0.52696,0.02696
941,1166,hist,28,10,0.0186454,0.0173293,-0.00131617,-0.02987,0.47305,0.02695
942,781,hist,5,16,0.278218,0.273722,-0.00449613,-0.03259,0.47314,0.02686
943,1307,hist,36,15,0.0482978,0.0497263,0.00142852,0.02327,0.52684,0.02684
944,84,probs,4,16,0.674825,0.662851,-0.0119746,-0.04375,0.47322,0.02678
945,761,hist,4,13,0.0702596,0.0726405,0.00238091,0.04334,0.52674,0.02674
946,950,hist,15,15,0.0705492,0.0527728,-0.0177764,-0.09744,0.47345,0.02655
947,1149,hist,27,10,0.0692938,0.0665164,-0.00277738,-0.04922,0.47350,0.02650
948,495,probs,29,2,0.605899,0.639884,0.0339847,0.06138,0.52643,0.02643
949,46,probs,2,12,0.294345,0.311287,0.0169413,0.04532,0.52642,0.02642
950,917,hist,13,16,0.207409,0.211472,0.00406303,0.03329,0.52642,0.02642
951,103,probs,6,1,0.591205,0.589133,-0.00207182,-0.00488,0.47363,0.02637
952,296,probs,17,7,0.15459,0.104413,-0.050177,-0.09592,0.47365,0.02635
953,682,hist,0,2,0.00311491,0.00284928,-0.000265626,-0.01926,0.52633,0.02633
954,569,probs,33,8,0.25407,0.220087,-0.0339827,-0.05413,0.47368,0.02632
955,152,probs,8,16,0.650551,0.645633,-0.00491801,-0.03541,0.47368,0.02632
956,154,probs,9,1,0.393507,0.370995,-0.0225115,-0.05570,0.47383,0.02617
957,72,probs,4,4,0.620866,0.620401,-0.000465265,-0.00255,0.47385,0.02615
958,1060,hist,22,6,0.00403618,0.00216154,-0.00187464,-0.10132,0.47399,0.02601
959,14,probs,0,14,0.197234,0.208423,0.0111888,0.05293,0.52598,0.02598
960,55,probs,3,4,0.271815,0.283103,0.011288,0.03558,0.52595,0.02595
961,338,probs,19,15,0.0243394,0.0259687,0.00162937,0.01998,0.52587,0.02587
962,179,probs,10,9,0.822663,0.831721,0.00905772,0.05859,0.52573,0.02573
963,274,probs,16,2,0.341367,0.366903,0.0255359,0.03962,0.52573,0.02573
964,352,probs,20,12,0.128907,0.119975,-0.00893135,-0.02151,0.47430,0.02570
965,1010,hist,19,7,0.0689124,0.0704488,0.00153645,0.02355,0.52546,0.02546
966,288,probs,16,16,0.591776,0.621515,0.0297384,0.06716,0.52545,0.02545
967,227,probs,13,6,0.694052,0.7062,0.0121484,0.05368,0.52542,0.02542
968,1001,hist,18,15,0.00377056,0.00157979,-0.00219076,-0.08378,0.47469,0.02531
969,727,hist,2,13,0.0885988,0.0843663,-0.00423244,-0.05054,0.47475,0.02525
970,81,probs,4,13,0.542546,0.562814,0.0202684,0.09368,0.52521,0.02521
971,724,hist,2,10,0.0269801,0.0279756,0.000995476,0.02206,0.52508,0.02508
972,30,probs,1,13,0.236115,0.252539,0.0164237,0.06385,0.52507,0.02507
973,944,hist,15,9,0.0599382,0.0565321,-0.00340609,-0.05228,0.47506,0.02494
974,508,probs,29,15,0.42829,0.394805,-0.0334847,-0.04774,0.47511,0.02489
975,1241,hist,33,0,0.0317976,0.026098,-0.00569957,-0.08233,0.47550,0.02450
976,821,hist,8,5,0.00365426,0.00211252,-0.00154174,-0.07658,0.47554,0.02446
977,1167,hist,28,11,0.0677544,0.0648728,-0.00288163,-0.04518,0.47561,0.02439
978,816,hist,8,0,0.0204577,0.0208548,0.000397099,0.01019,0.52432,0.02432
979,112,probs,6,10,0.610608,0.603681,-0.00692759,-0.02961,0.47569,0.02431
980,863,hist,10,13,0.0799209,0.0826208,0.00269996,0.04587,0.52426,0.02426
981,90,probs,5,5,0.299673,0.299359,-0.000314907,-0.00100,0.47577,0.02423
982,590,probs,34,12,0.184956,0.186837,0.00188068,0.00299,0.52408,0.02408
983,1075,hist,23,4,0.0707785,0.0724008,0.00162238,0.02176,0.52398,0.02398
984,702,hist,1,5,0.0813309,0.0818653,0.000534375,0.01071,0.52381,0.02381
985,916,hist,13,15,0.0831405,0.0789669,-0.00417356,-0.04585,0.47623,0.02377
986,256,probs,15,1,0.0793339,0.0325719,-0.046762,-0.14014,0.52365,0.02365
987,1297,hist,36,5,0.000536417,0.000287014,-0.000249403,-0.01916,0.52330,0.02330
988,1209,hist,31,2,0.00951104,0.00687995,-0.00263109,-0.07642,0.52316,0.02316
989,836,hist,9,3,0.00774013,0.00708951,-0.000650626,-0.01303,0.52316,0.02316
990,421,probs,24,13,0.885869,0.918212,0.0323431,0.07887,0.52300,0.02300
991,1093,hist,24,5,0.102733,0.100984,-0.00174935,-0.01502,0.52299,0.02299
992,898,hist,12,14,0.0022538,0.000975625,-0.00127817,-0.06215,0.47702,0.02298
993,43,probs,2,9,0.278409,0.272756,-0.00565302,-0.02515,0.47707,0.02293
994,273,probs,16,1,0.795378,0.805786,0.0104082,0.05481,0.52281,0.02281
995,634,probs,37,5,0.0805624,0.0791727,-0.00138968,-0.00872,0.47720,0.02280
996,344,probs,20,4,0.683286,0.688284,0.00499804,0.00842,0.47736,0.02264
997,1145,hist,27,6,0.0510506,0.0478937,-0.00315691,-0.05293,0.47738,0.02262
998,831,hist,8,15,0.0739065,0.0757985,0.00189199,0.03350,0.52260,0.02260
999,537,probs,31,10,0.638413,0.649533,0.0111202,0.02496,0.47742,0.02258
1000,346,probs,20,6,0.663524,0.691821,0.0282967,0.07012,0.52253,0.02253
1001,66,probs,3,15,0.456844,0.458485,0.0016407,0.00604,0.47751,0.02249
1002,799,hist,7,0,0.082489,0.0852272,0.00273817,0.04687,0.52245,0.02245
1003,375,probs,22,1,0.526334,0.50617,-0.0201639,-0.02977,0.47761,0.02239
1004,710,hist,1,13,0.00837973,0.00706723,-0.0013125,-0.06643,0.47761,0.02239
1005,721,hist,2,7,0.0928354,0.0889086,-0.00392687,-0.06468,0.47768,0.02232
1006,903,hist,13,2,0.00586998,0.00626189,0.00039191,0.01428,0.52231,0.02231
1007,272,probs,16,0,0.04223,0.0347586,-0.00747135,-0.02965,0.52230,0.02230
1008,394,probs,23,3,0.0201006,0.0223398,0.00223917,0.01645,0.47770,0.02230
1009,150,probs,8,14,0.662029,0.664855,0.00282594,0.00744,0.47775,0.02225
1010,92,probs,5,7,0.477133,0.493504,0.0163717,0.07048,0.52219,0.02219
1011,1219,hist,31,12,0.000304996,0.000208837,-9.61596e-05,-0.01103,0.52219,0.02219
1012,1309,hist,37,0,0.00784977,0.00353186,-0.00431791,-0.11511,0.47786,0.02214
1013,1142,hist,27,3,0.0332703,0.028257,-0.00501326,-0.06712,0.47790,0.02210
1014,1281,hist,35,6,0.035689,0.0313018,-0.0043872,-0.06352,0.47802,0.02198
1015,374,probs,22,0,0.770227,0.785898,0.0156715,0.03032,0.47829,0.02171
1016,216,probs,12,12,0.0743643,0.0655097,-0.0088546,-0.02642,0.47836,0.02164
1017,1174,hist,29,1,0.0171331,0.0170681,-6.5041e-05,-0.00220,0.52154,0.02154
1018,9,probs,0,9,0.22375,0.237978,0.0142273,0.06002,0.52146,0.02146
1019,277,probs,16,5,0.0226526,0.0124262,-0.0102264,-0.05875,0.52145,0.02145
1020,1264,hist,34,6,0.00415476,0.00270976,-0.00144501,-0.06296,0.52144,0.02144
1021,563,probs,33,2,0.364308,0.384643,0.0203355,0.03229,0.52136,0.02136
1022,119,probs,7,0,0.728097,0.739493,0.0113955,0.03242,0.47871,0.02129
1023,783,hist,6,1,0.0524592,0.0515184,-0.000940751,-0.01572,0.52124,0.02124
1024,652,probs,38,6,0.0937499,0.104449,0.0106986,0.03461,0.47903,0.02097
1025,759,hist,4,11,0.0377488,0.0400459,0.00229715,0.04247,0.52077,0.02077
1026,93,probs,5,8,0.149603,0.169804,0.0202012,0.04537,0.52074,0.02074
1027,455,probs,26,13,0.177616,0.168402,-0.00921356,-0.01893,0.52054,0.02054
1028,1228,hist,32,4,0.104957,0.0975818,-0.00737544,-0.04538,0.47952,0.02048
1029,747,hist,3,16,0.52554,0.533467,0.0079274,0.05141,0.52041,0.02041
1030,535,probs,31,8,0.65372,0.658013,0.00429337,0.00799,0.47970,0.02030
1031,633,probs,37,4,0.011461,0.010506,-0.00095502,-0.01377,0.47979,0.02021
1032,200,probs,11,13,0.619825,0.644867,0.0250429,0.06364,0.52008,0.02008
1033,556,probs,32,12,0.351067,0.319547,-0.0315199,-0.04781,0.47996,0.02004
1034,794,hist,6,12,0.0670465,0.0681544,0.00110795,0.01924,0.52001,0.02001
1035,1168,hist,28,12,0.0632973,0.0655169,0.00221957,0.04085,0.52000,0.02000
1036,704,hist,1,7,0.0175775,0.017211,-0.000366471,-0.01201,0.51996,0.01996
1037,941,hist,15,6,0.00187824,0.000674033,-0.00120421,-0.07027,0.48006,0.01994
1038,608,probs,35,13,0.812944,0.858797,0.0458532,0.08298,0.48019,0.01981
1039,402,probs,23,11,0.0278186,0.0258065,-0.0020121,-0.01519,0.51969,0.01969
1040,913,hist,13,12,0.0559307,0.0563646,0.000433879,0.00641,0.51950,0.01950
1041,883,hist,11,16,0.336871,0.334071,-0.00279999,-0.01702,0.48056,0.01944
1042,167,probs,9,14,0.656098,0.703477,0.0473794,0.08910,0.51943,0.01943
1043,920,hist,14,2,0.0635409,0.0605248,-0.00301607,-0.04765,0.48060,0.01940
1044,60,probs,3,9,0.356034,0.35762,0.00158672,0.00785,0.51937,0.01937
1045,1106,hist,25,1,0.0856157,0.0839585,-0.00165721,-0.02390,0.48071,0.01929
1046,1301,hist,36,9,0.00878818,0.00797264,-0.000815537,-0.03207,0.48072,0.01928
1047,579,probs,34,1,0.839186,0.882368,0.043182,0.09974,0.51927,0.01927
1048,791,hist,6,9,0.0985201,0.100834,0.00231367,0.02317,0.51917,0.01917
1049,890,hist,12,6,0.072478,0.0673859,-0.00509206,-0.09618,0.48090,0.01910
1050,819,hist,8,3,0.0652518,0.0620212,-0.00323063,-0.06838,0.48097,0.01903
1051,805,hist,7,6,0.0621672,0.0630852,0.000918014,0.01362,0.51898,0.01898
1052,1182,hist,29,9,0.0529925,0.0560441,0.00305155,0.03993,0.51897,0.01897
1053,407,probs,23,16,0.518348,0.519224,0.000876171,0.00754,0.48103,0.01897
1054,452,probs,26,10,0.634567,0.652446,0.0178797,0.03553,0.51896,0.01896
1055,356,probs,20,16,0.641935,0.660769,0.0188345,0.05057,0.51888,0.01888
1056,169,probs,9,16,0.663389,0.667898,0.00450909,0.03012,0.51883,0.01883
1057,500,probs,29,7,0.545607,0.54714,0.00153273,0.00316,0.48120,0.01880
1058,979,hist,17,10,0.0856826,0.0832779,-0.0024047,-0.03756,0.48124,0.01876
1059,681,hist,0,1,0.0937905,0.0895445,-0.00424604,-0.05196,0.48129,0.01871
1060,294,probs,17,5,0.602482,0.612932,0.0104496,0.02991,0.48161,0.01839
1061,1323,hist,37,14,0.0785299,0.0784634,-6.64612e-05,-0.00090,0.48161,0.01839
1062,964,hist,16,12,0.0700448,0.0672973,-0.00274754,-0.04202,0.48163,0.01837
1063,999,hist,18,13,0.00155196,0.00100209,-0.000549867,-0.03961,0.51825,0.01825
1064,614,probs,36,2,0.308162,0.322606,0.0144448,0.02252,0.48176,0.01824
1065,573,probs,33,12,0.192353,0.198836,0.00648268,0.02686,0.51823,0.01823
1066,1072,hist,23,1,0.0274542,0.0261679,-0.00128639,-0.01391,0.51817,0.01817
1067,189,probs,11,2,0.292035,0.26361,-0.0284256,-0.05476,0.48185,0.01815
1068,47,probs,2,13,0.497818,0.510296,0.012478,0.04975,0.51810,0.01810
1069,271,probs,15,16,0.65641,0.673676,0.0172654,0.04503,0.51810,0.01810
1070,639,probs,37,10,0.19291,0.210441,0.0175313,0.08066,0.51809,0.01809
1071,98,probs,5,13,0.718767,0.73477,0.0160034,0.06104,0.51803,0.01803
1072,844,hist,9,11,0.00325435,0.000819791,-0.00243456,-0.08160,0.48197,0.01803
1073,1256,hist,33,15,0.00330142,0.00055822,-0.0027432,-0.09983,0.48209,0.01791
1074,515,probs,30,5,0.644402,0.661237,0.0168344,0.04637,0.48223,0.01777
1075,1332,hist,38,6,0.00112509,0.00051637,-0.000608718,-0.03225,0.51774,0.01774
1076,1081,hist,23,10,0.0496377,0.0453074,-0.0043303,-0.06088,0.48228,0.01772
1077,967,hist,16,15,0.0719951,0.0713219,-0.0006732,-0.01092,0.48235,0.01765
1078,113,probs,6,11,0.435742,0.425018,-0.0107233,-0.01865,0.48235,0.01765
1079,504,probs,29,11,0.633166,0.660966,0.0278005,0.05370,0.51755,0.01755
1080,1140,hist,27,1,0.0232994,0.0235445,0.000245095,0.00438,0.51754,0.01754
1081,493,probs,29,0,0.60788,0.631487,0.0236067,0.04077,0.51754,0.01754
1082,417,probs,24,9,0.793238,0.81558,0.022342,0.05591,0.48250,0.01750
1083,1139,hist,27,0,0.0996016,0.10231,0.00270806,0.03056,0.51738,0.01738
1084,1179,hist,29,6,0.000241901,0.000134184,-0.000107717,-0.01321,0.51737,0.01737
1085,1000,hist,18,14,0.00109106,6.06166e-05,-0.00103044,-0.07701,0.48269,0.01731
1086,52,probs,3,1,0.506909,0.502944,-0.00396429,-0.00950,0.48271,0.01729
1087,501,probs,29,8,0.614228,0.620714,0.00648647,0.02112,0.48285,0.01715
1088,196,probs,11,9,0.575623,0.575557,-6.67309e-05,-0.00023,0.48318,0.01682
1089,1235,hist,32,11,0.000334571,0.000183309,-0.000151262,-0.01693,0.51676,0.01676
1090,532,probs,31,5,0.202038,0.216841,0.0148028,0.03102,0.51668,0.01668
1091,1310,hist,37,1,0.000477363,0.000262118,-0.000215245,-0.01745,0.51664,0.01664
1092,507,probs,29,14,0.654389,0.67075,0.0163611,0.04440,0.48348,0.01652
1093,1103,hist,24,15,0.000589255,0.000556995,-3.226e-05,-0.00483,0.51641,0.01641
1094,249,probs,14,11,0.591512,0.620561,0.0290483,0.04464,0.51639,0.01639
1095,571,probs,33,10,0.740823,0.770996,0.0301729,0.09838,0.51628,0.01628
1096,743,hist,3,12,0.0138998,0.0124646,-0.00143527,-0.05373,0.48378,0.01622
1097,621,probs,36,9,0.364542,0.38342,0.0188776,0.02590,0.51616,0.01616
1098,278,probs,16,6,0.220197,0.188275,-0.0319221,-0.05754,0.48387,0.01613
1099,749,hist,4,1,0.0054699,0.00451652,-0.000953373,-0.04570,0.48405,0.01595
1100,488,probs,28,12,0.629805,0.647963,0.0181577,0.05997,0.48416,0.01584
1101,599,probs,35,4,0.847948,0.866295,0.0183475,0.06557,0.48428,0.01572
1102,1077,hist,23,6,0.000141563,2.90327e-05,-0.00011253,-0.03187,0.51565,0.01565
1103,1270,hist,34,12,0.00513241,0.0033534,-0.00177901,-0.07091,0.48440,0.01560
1104,1243,hist,33,2,0.0114982,0.010751,-0.000747169,-0.02370,0.48446,0.01554
1105,391,probs,23,0,0.715393,0.732564,0.0171714,0.04460,0.48451,0.01549
1106,399,probs,23,8,0.771628,0.802618,0.0309906,0.09844,0.51526,0.01526
1107,260,probs,15,5,0.0836549,0.0837567,0.000101846,0.00040,0.51519,0.01519
1108,1016,hist,19,13,0.0587579,0.0534785,-0.00527949,-0.03545,0.51517,0.01517
1109,1194,hist,30,4,0.0804816,0.0773759,-0.00310576,-0.03681,0.48484,0.01516
1110,131,probs,7,12,0.10781,0.118847,0.0110361,0.02724,0.51507,0.01507
1111,578,probs,34,0,0.301459,0.331949,0.0304906,0.04772,0.51502,0.01502
1112,96,probs,5,11,0.472432,0.468094,-0.0043377,-0.01278,0.48507,0.01493
1113,24,probs,1,7,0.284528,0.295091,0.0105629,0.04905,0.51491,0.01491
1114,924,hist,14,6,0.0111936,0.00807235,-0.00312126,-0.06887,0.48512,0.01488
1115,1218,hist,31,11,0.0384089,0.0344572,-0.00395172,-0.04854,0.51472,0.01472
1116,486,probs,28,10,0.415192,0.417474,0.00228143,0.00449,0.51469,0.01469
1117,107,probs,6,5,0.784146,0.811262,0.0271165,0.08491,0.51466,0.01466
1118,187,probs,11,0,0.782857,0.80402,0.0211633,0.07301,0.51433,0.01433
1119,929,hist,14,11,0.104671,0.100219,-0.00445256,-0.01738,0.51420,0.01420
1120,1337,hist,38,11,0.0100096,0.00989638,-0.000113251,-0.00256,0.51419,0.01419
1121,33,probs,1,16,0.700918,0.70386,0.00294197,0.01797,0.51401,0.01401
1122,546,probs,32,2,0.59804,0.616065,0.0180247,0.04445,0.51378,0.01378
1123,443,probs,26,1,0.444598,0.456192,0.0115937,0.02008,0.51372,0.01372
1124,1032,hist,20,12,0.0048485,0.00476297,-8.55251e-05,-0.00135,0.48637,0.01363
1125,418,probs,24,10,0.714226,0.728985,0.014759,0.05146,0.48660,0.01340
1126,974,hist,17,5,0.0553266,0.0535085,-0.00181809,-0.03281,0.48664,0.01336
1127,1277,hist,35,2,0.0541124,0.0542619,0.000149556,0.00229,0.51335,0.01335
1128,1311,hist,37,2,0.00110374,0.000417782,-0.000685955,-0.06507,0.48666,0.01334
1129,494,probs,29,1,0.515561,0.542682,0.0271206,0.04235,0.51321,0.01321
1130,598,probs,35,3,0.0711317,0.119873,0.0487416,0.12236,0.51316,0.01316
1131,553,probs,32,9,0.704076,0.744518,0.0404419,0.10314,0.51314,0.01314
1132,51,probs,3,0,0.317923,0.317756,-0.000166996,-0.00061,0.48691,0.01309
1133,358,probs,21,1,0.879938,0.896154,0.0162166,0.05881,0.48699,0.01301
1134,509,probs,29,16,0.758681,0.761627,0.00294633,0.02166,0.48711,0.01289
1135,59,probs,3,8,0.491496,0.499639,0.00814324,0.02307,0.51275,0.01275
1136,1,probs,0,1,0.391535,0.390229,-0.00130666,-0.00681,0.48737,0.01263
1137,437,probs,25,12,0.877256,0.90152,0.0242638,0.07081,0.48764,0.01236
1138,1285,hist,35,10,0.000431003,0.000241675,-0.000189327,-0.02024,0.51233,0.01233
1139,1265,hist,34,7,0.0722479,0.0684496,-0.00379834,-0.04384,0.48767,0.01233
1140,73,probs,4,5,0.46046,0.455123,-0.00533654,-0.01494,0.48780,0.01220
1141,915,hist,13,14,0.0148219,0.0135483,-0.00127363,-0.01783,0.51218,0.01218
1142,1040,hist,21,3,0.0668888,0.0685171,0.00162829,0.02934,0.51207,0.01207
1143,100,probs,5,15,0.648066,0.652478,0.00441148,0.01098,0.48796,0.01204
1144,21,probs,1,4,0.233726,0.232397,-0.00132895,-0.00495,0.48815,0.01185
1145,1154,hist,27,15,0.0822657,0.0808664,-0.0013993,-0.01830,0.48827,0.01173
1146,1116,hist,25,11,0.00146986,9.54276e-07,-0.00146891,-0.06282,0.48838,0.01162
1147,1226,hist,32,2,0.057505,0.057492,-1.29762e-05,-0.00018,0.51162,0.01162
1148,549,probs,32,5,0.64324,0.629842,-0.0133984,-0.02341,0.48852,0.01148
1149,244,probs,14,6,0.359961,0.388893,0.0289318,0.03794,0.51124,0.01124
1150,185,probs,10,15,0.0968626,0.0956185,-0.0012441,-0.00509,0.51124,0.01124
1151,933,hist,14,15,0.0730521,0.0752032,0.00215113,0.03636,0.51122,0.01122
1152,698,hist,1,1,0.00798827,0.0079296,-5.86677e-05,-0.00307,0.51120,0.01120
1153,1048,hist,21,11,0.0678712,0.0663908,-0.00148037,-0.02350,0.48892,0.01108
1154,1227,hist,32,3,0.00529505,0.00375614,-0.00153892,-0.06381,0.51105,0.01105
1155,1287,hist,35,12,0.0111833,0.00836283,-0.00282044,-0.07453,0.51096,0.01096
1156,305,probs,17,16,0.666096,0.678376,0.0122805,0.03232,0.51087,0.01087
1157,121,probs,7,2,0.68285,0.703704,0.0208541,0.06047,0.51056,0.01056
1158,728,hist,2,14,0.0520928,0.0492455,-0.00284729,-0.04700,0.48947,0.01053
1159,517,probs,30,7,0.682536,0.713867,0.0313311,0.08142,0.48953,0.01047
1160,533,probs,31,6,0.0620295,0.0584144,-0.00361504,-0.01892,0.51031,0.01031
1161,538,probs,31,11,0.530211,0.54765,0.0174392,0.03599,0.51028,0.01028
1162,823,hist,8,7,0.0195648,0.0201772,0.000612345,0.01346,0.51023,0.01023
1163,482,probs,28,6,0.807576,0.808759,0.00118339,0.00509,0.51021,0.01021
1164,750,hist,4,2,0.00215639,0.00181689,-0.000339501,-0.02279,0.51016,0.01016
1165,1280,hist,35,5,0.000238011,0.000178722,-5.92881e-05,-0.01130,0.51014,0.01014
1166,1044,hist,21,7,0.000623142,7.06608e-05,-0.000552482,-0.06229,0.48988,0.01012
1167,235,probs,13,14,0.219922,0.22844,0.00851874,0.01477,0.51011,0.01011
1168,957,hist,16,5,0.000748908,0.000109218,-0.00063969,-0.06228,0.48990,0.01010
1169,764,hist,4,16,0.357857,0.362413,0.00455609,0.02814,0.50994,0.00994
1170,865,hist,10,15,0.00129158,0.000907096,-0.000384479,-0.03377,0.49015,0.00985
1171,1098,hist,24,10,0.0596582,0.0603253,0.000667069,0.01182,0.49018,0.00982
1172,319,probs,18,13,0.0682067,0.0771469,0.00894017,0.02855,0.50982,0.00982
1173,1244,hist,33,3,0.00259884,0.00226618,-0.000332652,-0.02666,0.49027,0.00973
1174,735,hist,3,4,0.0122175,0.0118299,-0.000387668,-0.01267,0.50972,0.00972
1175,395,probs,23,4,0.771513,0.787519,0.0160062,0.04180,0.49031,0.00969
1176,1043,hist,21,6,0.0696734,0.0682095,-0.00146389,-0.02193,0.49032,0.00968
1177,141,probs,8,5,0.128544,0.113502,-0.0150417,-0.03407,0.50967,0.00967
1178,716,hist,2,2,0.00290014,0.00248106,-0.000419084,-0.03242,0.50963,0.00963
1179,896,hist,12,12,0.00193853,0.000806994,-0.00113153,-0.07665,0.49039,0.00961
1180,962,hist,16,10,0.00104745,2.72071e-05,-0.00102025,-0.05967,0.49050,0.00950
1181,207,probs,12,3,0.736852,0.744644,0.00779196,0.03672,0.50948,0.00948
1182,1272,hist,34,14,0.021309,0.0195746,-0.00173446,-0.03546,0.49055,0.00945
1183,636,probs,37,7,0.480762,0.489424,0.00866207,0.04179,0.50944,0.00944
1184,151,probs,8,15,0.781478,0.800602,0.0191236,0.05485,0.49060,0.00940
1185,1289,hist,35,14,0.000127916,6.81974e-05,-5.9719e-05,-0.00945,0.50935,0.00935
1186,153,probs,9,0,0.740786,0.764218,0.0234319,0.07689,0.49074,0.00926
1187,820,hist,8,4,0.0407894,0.0410009,0.000211542,0.00466,0.50908,0.00908
1188,1271,hist,34,13,0.0077014,0.00502048,-0.00268093,-0.03507,0.49102,0.00898
1189,372,probs,21,15,0.919581,0.934572,0.0149909,0.05677,0.50884,0.00884
1190,69,probs,4,1,0.189093,0.187329,-0.00176435,-0.00467,0.49124,0.00876
1191,1274,hist,34,16,0.237394,0.237024,-0.000370682,-0.00178,0.50875,0.00875
1192,1175,hist,29,2,0.0251542,0.026,0.000845815,0.02319,0.50868,0.00868
1193,1124,hist,26,2,0.00163019,0.000250666,-0.00137953,-0.08003,0.49142,0.00858
1194,135,probs,7,16,0.566367,0.573429,0.00706169,0.05223,0.50850,0.00850
1195,1203,hist,30,13,0.0744175,0.0727148,-0.00170275,-0.02550,0.49155,0.00845
1196,1013,hist,19,10,0.00160733,0.000630253,-0.000977073,-0.07271,0.49159,0.00841
1197,570,probs,33,9,0.531834,0.549146,0.0173114,0.04773,0.50826,0.00826
1198,1283,hist,35,8,0.00162977,0.000653097,-0.000976671,-0.04412,0.49183,0.00817
1199,1190,hist,30,0,0.00250623,0.00186251,-0.000643727,-0.02521,0.50810,0.00810
1200,547,probs,32,3,0.181368,0.168943,-0.0124252,-0.02933,0.50793,0.00793
1201,1009,hist,19,6,0.0098676,0.0106999,0.000832311,0.01268,0.50793,0.00793
1202,1049,hist,21,12,0.000349017,9.64021e-07,-0.000348053,-0.05276,0.49212,0.00788
1203,408,probs,24,0,0.589259,0.615443,0.0261849,0.07120,0.50786,0.00786
1204,952,hist,16,0,0.00173619,0.000925758,-0.000810429,-0.03667,0.49215,0.00785
1205,1294,hist,36,2,0.00865661,0.00890937,0.000252764,0.00728,0.49216,0.00784
1206,1242,hist,33,1,0.000431913,0.000278578,-0.000153335,-0.01163,0.50781,0.00781
1207,1017,hist,19,14,0.000631144,1.7298e-05,-0.000613846,-0.05616,0.49221,0.00779
1208,1216,hist,31,9,0.121195,0.123324,0.00212939,0.01600,0.50779,0.00779
1209,1300,hist,36,8,0.000367355,0.000466272,9.89167e-05,0.01536,0.50775,0.00775
1210,766,hist,5,1,0.0466845,0.0450492,-0.00163532,-0.03892,0.49227,0.00773
1211,904,hist,13,3,0.0119066,0.00420039,-0.00770619,-0.12245,0.50770,0.00770
1212,566,probs,33,5,0.860238,0.877537,0.0172993,0.06619,0.49232,0.00768
1213,940,hist,15,5,0.00167368,0.00112145,-0.000552225,-0.05670,0.49241,0.00759
1214,1253,hist,33,12,0.00446285,0.00371663,-0.000746224,-0.02769,0.50758,0.00758
1215,311,probs,18,5,0.732046,0.741775,0.00972864,0.02383,0.49268,0.00732
1216,1108,hist,25,3,0.0120621,0.012354,0.000291892,0.00828,0.50714,0.00714
1217,474,probs,27,15,0.665321,0.692602,0.0272807,0.08382,0.50713,0.00713
1218,1181,hist,29,8,0.0417504,0.0416468,-0.000103619,-0.00171,0.50711,0.00711
1219,429,probs,25,4,0.0159457,0.0271196,0.0111739,0.06675,0.50710,0.00710
1220,1159,hist,28,3,0.00020067,9.35433e-05,-0.000107127,-0.02414,0.50707,0.00707
1221,1054,hist,22,0,0.0479535,0.0468223,-0.00113125,-0.01932,0.50701,0.00701
1222,144,probs,8,8,0.555592,0.558619,0.00302727,0.00671,0.50699,0.00699
1223,211,probs,12,7,0.652765,0.663248,0.0104823,0.03123,0.49307,0.00693
1224,1336,hist,38,10,0.0703062,0.0730742,0.00276805,0.03866,0.50688,0.00688
1225,711,hist,1,14,0.0530576,0.053135,7.74344e-05,0.00119,0.50687,0.00687
1226,726,hist,2,12,0.0116078,0.0109499,-0.000657879,-0.02260,0.49321,0.00679
1227,876,hist,11,9,0.0433906,0.0434313,4.07085e-05,0.00082,0.50679,0.00679
1228,587,probs,34,9,0.690183,0.728803,0.0386196,0.07907,0.50674,0.00674
1229,1071,hist,23,0,0.0678018,0.0678975,9.56902e-05,0.00147,0.50672,0.00672
1230,554,probs,32,10,0.0516819,0.0432934,-0.00838846,-0.06138,0.50658,0.00658
1231,350,probs,20,10,0.759901,0.777666,0.0177649,0.04681,0.50648,0.00648
1232,601,probs,35,6,0.599367,0.599026,-0.000341169,-0.00058,0.49356,0.00644
1233,111,probs,6,9,0.734075,0.763446,0.0293713,0.07743,0.50624,0.00624
1234,1028,hist,20,8,0.000462102,3.74856e-05,-0.000424617,-0.04624,0.50602,0.00602
1235,479,probs,28,3,0.0281771,0.0360828,0.00790575,0.04452,0.50598,0.00598
1236,379,probs,22,5,0.73448,0.760926,0.0264462,0.07805,0.49404,0.00596
1237,247,probs,14,9,0.765539,0.802858,0.0373191,0.09332,0.50591,0.00591
1238,1125,hist,26,3,0.069974,0.0685782,-0.00139573,-0.02316,0.49409,0.00591
1239,367,probs,21,10,0.605419,0.607074,0.00165522,0.00271,0.49418,0.00582
1240,884,hist,12,0,0.000367557,0.000102429,-0.000265128,-0.04131,0.49419,0.00581
1241,516,probs,30,6,0.45302,0.455487,0.00246654,0.00495,0.49428,0.00572
1242,1213,hist,31,6,0.000934714,0.000172464,-0.000762249,-0.06224,0.49431,0.00569
1243,440,probs,25,15,0.826612,0.83466,0.00804832,0.03312,0.49437,0.00563
1244,592,probs,34,14,0.526335,0.533573,0.00723783,0.01160,0.50558,0.00558
1245,502,probs,29,9,0.51068,0.531269,0.020589,0.08304,0.50549,0.00549
1246,393,probs,23,2,0.920024,0.940519,0.0204954,0.06353,0.50540,0.00540
1247,1109,hist,25,4,0.000155834,9.99048e-05,-5.59288e-05,-0.00788,0.50536,0.00536
1248,510,probs,30,0,0.0882077,0.09361,0.00540229,0.01450,0.49480,0.00520
1249,329,probs,19,6,0.217853,0.226489,0.00863542,0.02010,0.50517,0.00517
1250,822,hist,8,6,0.00297293,0.00256349,-0.000409433,-0.03919,0.49484,0.00516
1251,1206,hist,30,16,0.249544,0.252874,0.00333035,0.01758,0.49511,0.00489
1252,738,hist,3,7,0.0222061,0.0189202,-0.0032859,-0.06620,0.49521,0.00479
1253,148,probs,8,12,0.813746,0.826693,0.0129471,0.04183,0.49532,0.00468
1254,50,probs,2,16,0.691828,0.69998,0.00815224,0.02796,0.50467,0.00467
1255,981,hist,17,12,0.0192546,0.0186722,-0.000582373,-0.01921,0.50464,0.00464
1256,125,probs,7,6,0.708998,0.72824,0.0192422,0.04708,0.49542,0.00458
1257,229,probs,13,8,0.692966,0.705781,0.0128144,0.03641,0.49543,0.00457
1258,1193,hist,30,3,0.000701277,0.000349015,-0.000352262,-0.02710,0.50447,0.00447
1259,655,probs,38,9,0.378586,0.374959,-0.0036268,-0.00544,0.49554,0.00446
1260,1200,hist,30,10,0.00438937,0.00431914,-7.02314e-05,-0.00437,0.50437,0.00437
1261,48,probs,2,14,0.464523,0.468216,0.00369297,0.01222,0.50414,0.00414
1262,433,probs,25,8,0.697596,0.706562,0.00896514,0.01697,0.49592,0.00408
1263,234,probs,13,13,0.80977,0.822937,0.0131672,0.04617,0.50408,0.00408
1264,263,probs,15,8,0.791116,0.809049,0.0179325,0.06247,0.49594,0.00406
1265,340,probs,20,0,0.063088,0.0605374,-0.00255058,-0.01333,0.49599,0.00401
1266,813,hist,7,14,0.0110091,0.0106762,-0.000332888,-0.01367,0.50399,0.00399
1267,181,probs,10,11,0.363439,0.383024,0.0195847,0.05825,0.50387,0.00387
1268,632,probs,37,3,0.86834,0.886439,0.0180991,0.06831,0.49614,0.00386
1269,1078,hist,23,7,0.0641669,0.0608487,-0.00331824,-0.04827,0.50383,0.00383
1270,645,probs,37,16,0.738404,0.737073,-0.00133107,-0.00527,0.49634,0.00366
1271,817,hist,8,1,0.0858436,0.0846847,-0.0011589,-0.01492,0.49634,0.00366
1272,905,hist,13,4,0.000248683,1.02709e-06,-0.000247656,-0.04581,0.49635,0.00365
1273,854,hist,10,4,0.000345503,0.000156361,-0.000189143,-0.02514,0.49640,0.00360
1274,18,probs,1,1,0.25923,0.265062,0.00583238,0.02522,0.50352,0.00352
1275,798,hist,6,16,0.125181,0.123592,-0.0015886,-0.01473,0.50349,0.00349
1276,1063,hist,22,9,0.0688077,0.0696989,0.00089121,0.01626,0.50347,0.00347
1277,320,probs,18,14,0.0437552,0.0276855,-0.0160697,-0.10411,0.50347,0.00347
1278,195,probs,11,8,0.432551,0.430992,-0.00155866,-0.00453,0.49664,0.00336
1279,1020,hist,20,0,0.00104231,0.000648416,-0.000393897,-0.02554,0.49667,0.00333
1280,972,hist,17,3,0.0874356,0.0889295,0.00149391,0.02327,0.50316,0.00316
1281,954,hist,16,2,0.0272213,0.0241184,-0.00310287,-0.03165,0.49702,0.00298
1282,1234,hist,32,10,0.000886156,6.02046e-05,-0.000825951,-0.04804,0.49707,0.00293
1283,811,hist,7,12,0.00389328,0.00269895,-0.00119433,-0.05523,0.50290,0.00290
1284,740,hist,3,9,0.0118152,0.010192,-0.00162316,-0.06157,0.49710,0.00290
1285,616,probs,36,4,0.79047,0.786495,-0.00397431,-0.00789,0.49711,0.00289
1286,763,hist,4,15,0.048324,0.0464912,-0.00183288,-0.02879,0.49715,0.00285
1287,802,hist,7,3,0.00014206,1.18004e-05,-0.00013026,-0.04115,0.49717,0.00283
1288,400,probs,23,9,0.517106,0.516447,-0.000659701,-0.00095,0.49718,0.00282
1289,333,probs,19,10,0.0571462,0.0501704,-0.00697584,-0.03159,0.49718,0.00282
1290,751,hist,4,3,0.025131,0.0250853,-4.5727e-05,-0.00101,0.49721,0.00279
1291,589,probs,34,11,0.624333,0.639095,0.0147614,0.02478,0.50276,0.00276
1292,106,probs,6,4,0.144151,0.163317,0.0191665,0.05208,0.49726,0.00274
1293,129,probs,7,10,0.792106,0.804026,0.01192,0.06284,0.50273,0.00273
1294,1212,hist,31,5,0.00464763,0.00358596,-0.00106167,-0.05121,0.49729,0.00271
1295,977,hist,17,8,0.000259011,0.000110888,-0.000148123,-0.02563,0.49731,0.00269
1296,986,hist,18,0,0.00011658,8.7549e-06,-0.000107825,-0.02495,0.49733,0.00267
1297,1313,hist,37,4,0.000117278,1.34649e-06,-0.000115932,-0.02120,0.49740,0.00260
1298,390,probs,22,16,0.455282,0.456092,0.000809991,0.00697,0.50250,0.00250
1299,115,probs,6,13,0.047611,0.0485927,0.000981708,0.00488,0.50245,0.00245
1300,1263,hist,34,5,0.000311364,8.20137e-05,-0.000229351,-0.01915,0.50243,0.00243
1301,775,hist,5,10,0.0122316,0.0104467,-0.00178491,-0.04124,0.50240,0.00240
1302,893,hist,12,9,0.000416359,0.000119472,-0.000296887,-0.03690,0.49782,0.00218
1303,137,probs,8,1,0.73574,0.749489,0.0137489,0.03864,0.49794,0.00206
1304,56,probs,3,5,0.507517,0.50911,0.00159312,0.00646,0.50204,0.00204
1305,1239,hist,32,15,9.42249e-05,7.47369e-05,-1.9488e-05,-0.00766,0.50203,0.00203
1306,1147,hist,27,8,0.000570348,0.000155114,-0.000415234,-0.04942,0.49798,0.00202
1307,730,hist,2,16,0.279505,0.276093,-0.00341229,-0.02376,0.50193,0.00193
1308,932,hist,14,14,0.000187369,9.87978e-05,-8.85709e-05,-0.01684,0.49819,0.00181
1309,814,hist,7,15,0.0892983,0.0895436,0.00024534,0.00320,0.49819,0.00181
1310,756,hist,4,8,0.065876,0.0619402,-0.00393578,-0.04534,0.50179,0.00179
1311,623,probs,36,11,0.715642,0.694857,-0.0207847,-0.04474,0.49830,0.00170
1312,123,probs,7,4,0.449973,0.45656,0.00658657,0.01630,0.49838,0.00162
1313,490,probs,28,14,0.714733,0.731216,0.0164832,0.03454,0.50160,0.00160
1314,270,probs,15,15,0.555249,0.56491,0.0096614,0.01374,0.50157,0.00157
1315,1082,hist,23,11,0.000357208,7.46087e-05,-0.0002826,-0.03313,0.49855,0.00145
1316,423,probs,24,15,0.0487948,0.0543622,0.00556734,0.02779,0.49862,0.00138
1317,971,hist,17,2,6.19192e-05,7.12599e-06,-5.47932e-05,-0.02307,0.49863,0.00137
1318,130,probs,7,11,0.560864,0.560988,0.000124356,0.00048,0.50131,0.00131
1319,1329,hist,38,3,0.000233505,6.20969e-05,-0.000171408,-0.03371,0.49877,0.00123
1320,388,probs,22,14,0.58295,0.596142,0.0131926,0.02832,0.50120,0.00120
1321,462,probs,27,3,0.549465,0.543299,-0.00616651,-0.00953,0.50112,0.00112
1322,1069,hist,22,15,0.000339595,5.91723e-05,-0.000280422,-0.02453,0.49889,0.00111
1323,237,probs,13,16,0.709179,0.711658,0.0024785,0.02420,0.50110,0.00110
1324,101,probs,5,16,0.565766,0.570227,0.00446101,0.02813,0.50103,0.00103
1325,252,probs,14,14,0.024534,0.0240722,-0.000461833,-0.00430,0.50100,0.00100
1326,1266,hist,34,8,8.31856e-05,0,-8.31856e-05,-0.01285,0.49903,0.00097
1327,336,probs,19,13,0.415606,0.419405,0.00379975,0.00799,0.49911,0.00089
1328,1128,hist,26,6,0.000133462,2.30137e-05,-0.000110448,-0.03553,0.49913,0.00087
1329,1135,hist,26,13,0.00624533,0.0040974,-0.00214793,-0.05459,0.49914,0.00086
1330,1018,hist,19,15,0.000109283,3.97185e-05,-6.95643e-05,-0.01977,0.49921,0.00079
1331,795,hist,6,13,0.000773279,0.000787667,1.43882e-05,0.00100,0.50079,0.00079
1332,1143,hist,27,4,7.35068e-05,5.89844e-06,-6.76083e-05,-0.02695,0.49928,0.00072
1333,453,probs,26,11,0.751042,0.76802,0.0169787,0.04387,0.50054,0.00054
1334,1345,hist,39,2,4.40366e-06,3.435e-06,-9.68664e-07,-0.00477,0.50050,0.00050
1335,1359,hist,39,16,0.999996,0.999997,9.68649e-07,0.00477,0.49950,0.00050
1336,434,probs,25,9,0.278743,0.288598,0.00985485,0.03288,0.50049,0.00049
1337,1314,hist,37,5,0.000336616,0.000124057,-0.000212559,-0.03076,0.49954,0.00046
1338,1123,hist,26,1,0.0193528,0.0186141,-0.000738723,-0.01411,0.50039,0.00039
1339,364,probs,21,7,0.0282886,0.019918,-0.00837059,-0.04921,0.50038,0.00038
1340,1288,hist,35,13,0.105267,0.101455,-0.00381274,-0.02390,0.49970,0.00030
1341,1217,hist,31,10,0.0476902,0.0455431,-0.00214705,-0.03356,0.49982,0.00018
1342,1074,hist,23,3,0.000468822,2.99314e-05,-0.00043889,-0.05226,0.49987,0.00013
1343,842,hist,9,9,0.000399513,0.000188709,-0.000210803,-0.03002,0.50006,0.00006
1344,220,probs,12,16,0.667582,0.674111,0.0065289,0.03326,0.50003,0.00003
1345,1346,hist,39,3,0,0,0,0.00000,0.50000,0.00000
1346,1347,hist,39,4,0,0,0,0.00000,0.50000,0.00000
1347,1349,hist,39,6,0,0,0,0.00000,0.50000,0.00000
1348,1348,hist,39,5,0,0,0,0.00000,0.50000,0.00000
1349,1350,hist,39,7,0,0,0,0.00000,0.50000,0.00000
1350,1351,hist,39,8,0,0,0,0.00000,0.50000,0.00000
1351,1353,hist,39,10,0,0,0,0.00000,0.50000,0.00000
1352,1352,hist,39,9,0,0,0,0.00000,0.50000,0.00000
1353,1355,hist,39,12,0,0,0,0.00000,0.50000,0.00000
1354,1356,hist,39,13,0,0,0,0.00000,0.50000,0.00000
1355,1357,hist,39,14,0,0,0,0.00000,0.50000,0.00000
1356,1354,hist,39,11,0,0,0,0.00000,0.50000,0.00000
1357,1358,hist,39,15,0,0,0,0.00000,0.50000,0.00000
1358,1344,hist,39,1,0,0,0,0.00000,0.50000,0.00000
1359,1343,hist,39,0,0,0,0,0.00000,0.50000,0.00000
